,,"  M.V ""AL BAZM II""    O F F I C I A L     R O B  2025",,,,,,,,,,,,,,
,,,,,,,,,,,,,,,,
,,E v e n t,D a t e,,Time,H R S,H F O,S t a t u s,P l a c e,Slip,Total Distance (NM),Avg Speed (KNOTS),Total FOC (MT),FOC ME/GE (MT),Engine   ,RPM
,,,,,,,,,,,,,,,,
,,,,,,,,,,,,,,,,
,,FAOP,1-Jan-2024,,8.30,,53.1,,Out to Sea (  KP  → RWS ),,,,,,,
,,EOSP,1-Jan-2024,,19.36,11.1,44.8,,Arrival .RWS,18.5,125.0,11.3,8.3,7.3 / 1 ,53%,
,,,,,,,,,,,,,,,,
,,FAOP,2-Jan-2024,,12.42,,39.3,,Out to Sea ( RWS → KP CSC  ),,,,,,,
,,EOSP,2-Jan-2024,,23.54,11.2,31.2,,Arrival.KHL .KP CSC,19.1,126.0,11.3,8.1,7.1/1.0,48%,
,,,,,,,,,,,,,,,,
,,FAOP,3-Jan-2024,,16.18,,632.9,,Out to Sea (  KP CSC → RWS ),,,,,,,
,,EOSP,4-Jan-2024,,3.42,11.4,624.5,,Arrival  .RWS,19.8,128.0,11.2,8.4,7.4 / 1 ,52%,
,,,,,,,,,,,,,,,,
,,FAOP,5-Jan-2024,,5.18,,618.4,,Out to Sea ( RWS → KP  ),,,,,,,
,,EOSP,5-Jan-2024,,16.12,10.9,610.1,,Arrival.KHL .KP ,18.1,129.0,11.8,8.3,7.3 / 1  ,53%,
,,,,,,,,,,,,,,,,
,,FAOP,6-Jan-2024,,13.00,,605.6,,Out to Sea (  KP  → RWS ),,,,,,,
,,EOSP,7-Jan-2024,,0.00,11.0,597.5,,Arrival .RWS,15.7,128.0,11.6,8.1,7.1/1.0 ,50%,
,,,,,,,,,,,,,,,,
,,FAOP,8-Jan-2024,,13.12,,588.9,,Out to Sea ( RWS → KP  ),,,,,,,
,,EOSP,8-Jan-2024,,23.48,10.6,580.3,,Arrival.KHL .KP ,18.8,124.0,11.7,8.6,7.6 / 1  ,55%,
,,,,,,,,,,,,,,,,
,,FAOP,9-Jan-2024,,13.42,,577.2,,Out to Sea (  KP  → RWS ),,,,,,,
,,EOSP,10-Jan-2024,,0.24,10.7,568.4,,Arrival .RWS,14.6,130.0,12.1,8.8,7.8 / 1  ,59%,
,,,,,,,,,,,,,,,,
,,FAOP,10-Jan-2024,,21.42,,562.1,,Out to Sea ( RWS → KP  ),,,,,,,
,,EOSP,11-Jan-2024,,8.30,10.8,554.0,,Arrival.KHL .KP ,20.0,119.0,11.0,8.1,7 / 1.1  ,48%,
,,,,,,,,,,,,,,,,
,,FAOP,12-Jan-2024,,3.12,,550.1,,Out to Sea (  KP  → RWS ),,,,,,,
,,EOSP,12-Jan-2024,,13.36,10.4,543.2,,Arrival .RWS,17.6,118.2,11.4,6.9,6 / 0.9  ,47%,
,,,,,,,,,,,,,,,,
,,FAOP,13-Jan-2024,,17.00,,536.3,,Out to Sea ( RWS → KP  ),,,,,,,
,,EOSP,14-Jan-2024,,4.00,11.0,529.4,,Arrival.KHL .KP ,20.5,117.0,10.6,6.9,5.9/ 1.0  ,43%,
,,,,,,,,,,,,,,,,
,,FAOP,14-Jan-2024,,22.42,,525.5,,Out to Sea (  KP csc  → RWS ),,,,,,,
,,EOSP,15-Jan-2024,,9.12,10.5,518.9,,Arrival .RWS,12.6,121.0,11.5,6.6,5.6 / 1   ,44%,
,,,,,,,,,,,,,,,,
,,FAOP,16-Jan-2024,,8.24,,513.3,,Out to Sea ( RWS → KP  ),,,,,,,
,,EOSP,16-Jan-2024,,20.42,12.3,505.5,,Arrival.KHL .KP ,21.1,130.0,10.6,7.8,6.7 / 1.1  ,44%,
,,,,,,,,,,,,,,,,
,,FAOP,17-Jan-2024,,10.42,,502.2,,Out to Sea (  KP  → RWS ),,,,,,,
,,EOSP,17-Jan-2024,,23.18,12.6,493.3,,Arrival .RWS,22.8,125.0,9.9,8.9,7.8 / 1.1   ,66%,
,,,,,,,,,,,,,,,,
,,FAOP,20-Jan-2024,,0.30,,484.1,,Out to Sea ( RWS → KP  ),,,,,,,
,,EOSP,20-Jan-2024,,12.54,12.4,476.7,,Arrival.KHL .KP ,22.1,127.0,10.2,7.4,6.3 / 1.1   ,43%,
,,,,,,,,,,,,,,,,
,,FAOP,21-Jan-2024,,5.00,,473.1,,Out to Sea (  KP  → RWS ),,,,,,,
,,EOSP,21-Jan-2024,,16.30,11.5,465.6,,Arrival .RWS,17.6,125.0,10.9,7.5,6.4 / 1.1  ,44%,
,,,,,,,,,,,,,,,,
,,FAOP,23-Jan-2024,,18.30,,455.1,,Out to Sea ( RWS → KP  ),,,,,,,
,,EOSP,24-Jan-2024,,6.54,12.4,447.6,,Arrival.KHL .KP ,20.6,130.0,10.5,7.5,6.4 / 1.1  ,42%,124.4
,,,,,,,,,,,,,,,,
,,FAOP,24-Jan-2024,,20.30,,444.0,,Out to Sea (  KP  → RWS ),,,,,,,
,,EOSP,25-Jan-2024,,7.18,10.8,437.1,,Arrival .RWS,14.3,123.0,11.4,6.9,5.9 / 1  ,45%,125.2
,,,,,,,,,,,,,,,,
,,FAOP,26-Jan-2024,,5.36,,431.1,,Out to Sea ( RWS → KP  ),,,,,,,
,,EOSP,26-Jan-2024,,18.00,12.4,423.6,,Arrival.KHL .KP ,22.5,127.0,10.2,7.5,6.4 / 1.1  ,42%,124.5
,,,,,,,,,,,,,,,,
,,FAOP,27-Jan-2024,,11.18,,419.9,,Out to Sea (  KP  → RWS ),,,,,,,
,,EOSP,27-Jan-2024,,22.30,11.2,413.1,,Arrival .RWS,16.7,123.0,11.0,6.8,5.8 / 1  ,45%,124.2
,,,,,,,,,,,,,,,,
,,FAOP,29-Jan-2024,,4.30,,406.8,,Out to Sea ( RWS → KP  ),,,,,,,
,,EOSP,29-Jan-2024,,16.54,12.4,399.1,,Arrival.KHL .KP ,23.4,127.0,10.2,7.7,6.7 / 1  ,58%,126.6
,,,,,,,,,,,,,,,,
,,FAOP,30-Jan-2024,,6.18,,396.0,,Out to Sea (  KP  → RWS ),,,,,,,
,,EOSP,30-Jan-2024,,18.00,11.7,388.8,,Arrival .RWS,19.8,123.0,10.5,7.2,6.2 / 1   ,44%,124
,,,,,,,,,,,,,,,,
,,FAOP,31-Jan-2024,,14.12,,383.4,,Out to Sea ( RWS → KP  ),,,,,,,
,,EOSP,1-Feb-2024,,2.00,11.8,376.3,,Arrival.KHL .KP ,21.0,123.0,10.4,7.1,6.1 / 1  ,42%,124
,,,,,,,,,,,,,,,,
,,FAOP,1-Feb-2024,,17.24,,373.2,,Out to Sea (  KP  → RWS ),,,,,,,
,,EOSP,2-Feb-2024,,4.18,10.9,366.3,,Arrival .RWS,16.4,120.0,11.0,6.9,5.9 / 1  ,44%,124
,,,,,,,,,,,,,,,,
,,FAOP,4-Feb-2024,,18.48,,355.6,,Out to Sea ( RWS → KP  ),,,,,,,
,,EOSP,5-Feb-2024,,7.12,12.4,348.1,,Arrival.KHL .KP ,20.9,130.0,10.5,7.5,6.4 / 1.1 /0,42%,125
,,,,,,,,,,,,,,,,
,,FAOP,5-Feb-2024,,23.48,,344.8,,Out to Sea (  KP  → RWS ),,,,,,,
,,EOSP,6-Feb-2024,,12.18,12.5,337.2,,Arrival .RWS,21.8,128.0,10.2,7.6,6.6/1.0 ,44%,123.3
,,,,,,,,,,,,,,,,
,,,,,,,,,,,,,,,,
,,FAOP,10-Feb-2024,,23.42,,313.6,,Out to Sea (  JA  → RWS ),,,,,,,
,,EOSP,11-Feb-2024,,12.42,13.0,305.9,,Arrival .RWS,14.9,146.0,11.2,7.7,6.5/1.1 ,45%,124
,,,,,,,,,,,,,,,,
,,FAOP,15-Feb-2024,,13.42,,291.1,,Out to Sea ( RWS → KP  ),,,,,,,
,,EOSP,16-Feb-2024,,2.42,13.0,283.3,,Arrival.KHL .KP ,24.0,130.0,10.0,7.8,6.7/1.1 ,48%,124
,,,,,,,,,,,,,,,,
,,FAOP,16-Feb-2024,,22.48,,279.7,,Out to Sea (  KP  → RWS ),,,,,,,
,,EOSP,17-Feb-2024,,10.00,11.2,272.8,,Arrival .RWS,16.7,123.0,11.0,6.9,5.9/1.0 ,42%,124.2
,,,,,,,,,,,,,,,,
,,FAOP,19-Feb-2024,,23.24,,262.5,,Out to Sea ( RWS → KP  ),,,,,,,
,,EOSP,20-Feb-2024,,12.42,13.3,254.7,,Arrival.KHL .KP ,24.6,132.0,9.9,7.8,6.6/1.2 ,44%,124
,,,,,,,,,,,,,,,,
,,FAOP,21-Feb-2024,,3.24,,251.8,,Out to Sea (  KP  → RWS ),,,,,,,
,,EOSP,21-Feb-2024,,16.42,13.3,243.6,,Arrival .RWS,25.8,130.0,9.8,8.2,7.1/1.1 ,46%,124.2
,,,,,,,,,,,,,,,,
,,FAOP,22-Feb-2024,,16.00,,237.7,,Out to Sea ( RWS → KP  ),,,,,,,
,,EOSP,23-Feb-2024,,4.18,12.3,230.2,,Arrival.KHL .KP ,25.2,123.0,10.0,7.5,6.5/1.0 ,44%,126
,,,,,,,,,,,,,,,,
,,FAOP,23-Feb-2024,,19.00,,227.7,,Out to Sea (  KP  → RWS ),,,,,,,
,,EOSP,24-Feb-2024,,6.48,11.8,220.6,,Arrival .RWS,20.6,123.0,10.4,7.1,6.1/1.0 ,66%,123.8
,,,,,,,,,,,,,,,,
,,FAOP,25-Feb-2024,,4.24,,215.2,,Out to Sea ( RWS → KP  ),,,,,,,
,,EOSP,25-Feb-2024,,16.00,11.6,205.9,,Arrival.KHL .KP ,25.0,130.0,11.2,9.3,8.4/0.9 ,48%,141.8
,,,,,,,,,,,,,,,,
,,FAOP,26-Feb-2024,,6.12,,203.0,,Out to Sea (  KP  → RWS ),,,,,,,
,,EOSP,26-Feb-2024,,17.18,11.1,193.8,,Arrival .RWS,23.0,127.0,11.4,9.2,8.2/1.0 ,64%,140
,,,,,,,,,,,,,,,,
,,FAOP,27-Feb-2024,,16.00,,188.4,,Out to Sea ( RWS → KP  ),,,,,,,
,,EOSP,28-Feb-2024,,2.42,10.7,179.7,,Arrival.KHL .KP ,21.3,128.0,12.0,8.7,7.8/0.9 ,66%,143.2
,,,,,,,,,,,,,,,,
,,,,,,,,,,,,,,,,
,,FAOP,29-Feb-2024,,18.30,2.1,170.2,,Out to Sea ( RWS → KP  ),,,,,,,
,,EOSP,1-Mar-2024,,9.18,14.8,158.6,,Arrival .RWS,31.9,144.0,9.7,11.6,10.3/1.3 ,43%,134.6
,,,,,,,,,,,,,,,,
,,FAOP,2-Mar-2024,,21.24,,150.9,,Out to Sea ( RWS → KP  ),,,,,,,
,,EOSP,3-Mar-2024,,9.42,12.3,143.5,,Arrival.KHL .KP ,24.7,123.0,10.0,7.4,6.4/1.0 ,44%,125.2
,,,,,,,,,,,,,,,,
,,FAOP,4-Mar-2024,,3.36,,140.0,,Out to Sea (  KP  → RWS ),,,,,,,
,,EOSP,4-Mar-2024,,13.42,10.1,131.7,,Arrival .RWS,19.0,123.0,12.2,8.3,7.4/0.9 ,63%,141.6
,,,,,,,,,,,,,,,,
,,FAOP,5-Mar-2024,,10.36,,126.7,,Out to Sea ( RWS → KP  ),,,,,,,
,,EOSP,5-Mar-2024,,20.48,10.2,118.0,,Arrival.KHL .KP ,22.3,120.0,11.8,8.7,7.7/0.9 ,67%,142.7
,,,,,,,,,,,,,,,,
,,FAOP,6-Mar-2024,,13.30,,114.6,,Out to Sea (  KP  → RWS ),,,,,,,
,,EOSP,7-Mar-2024,,0.12,10.7,105.9,,Arrival .RWS,20.5,126.0,11.8,8.7,7.8/0.9 ,63%,139.5
,,,,,,,,,,,,,,,,
,,FAOP,7-Mar-2024,,21.00,,100.0,,Out to Sea ( RWS → KP  ),,,,,,,
,,EOSP,8-Mar-2024,,9.06,12.1,91.0,,Arrival.KHL .KP ,28.6,123.0,10.2,9.0,8.0/1.0 ,67%,134.1
,,,,,,,,,,,,,,,,
,,FAOP,9-Mar-2024,,3.12,,87.0,,Out to Sea (  KP  → RWS ),,,,,,,
,,EOSP,9-Mar-2024,,13.30,10.3,78.0,,Arrival .RWS,19.3,124.0,12.0,9.0,8.1/0.9 ,64%,140.6
,,,,,,,,,,,,,,,,
,,FAOP,10-Mar-2024,,14.00,,71.1,,Out to Sea ( RWS → KP  ),,,,,,,
,,EOSP,11-Mar-2024,,0.30,10.5,62.0,,Arrival.KHL .KP ,23.4,122.0,11.6,9.1,8.2/0.9 ,66%,142.9
,,,,,,,,,,,,,,,,
,,FAOP,11-Mar-2024,,21.18,,57.2,,Out to Sea (  KP  → RWS ),,,,,,,
,,EOSP,12-Mar-2024,,7.00,9.7,48.7,,Arrival .RWS,15.7,123.0,12.7,8.5,7.6/0.9,64%,141.7
,,,,,,,,,,,,,,,,
,,FAOP,13-Mar-2024,,4.00,,42.9,,Out to Sea ( RWS → KP  ),,,,,,,
,,EOSP,13-Mar-2024,,14.42,10.7,33.8,,Arrival.KHL .KP ,24.0,123.0,11.5,9.1,8.2/0.9,64%,142.7
,,,,,,,,,,,,,,,,
,,FAOP,14-Mar-2024,,20.30,,677.6,,Out to Sea (  KP  → RWS ),,,,,,,
,,EOSP,15-Mar-2024,,6.00,9.5,669.4,,Arrival .RWS,20.1,114.0,12.0,8.2,7.4/0.8 ,66%,141.5
,,,,,,,,,,,,,,,,
,,FAOP,16-Mar-2024,,2.12,,663.1,,Out to Sea ( RWS → KP  ),,,,,,,
,,EOSP,16-Mar-2024,,14.06,11.9,655.1,,Arrival.KHL .KP ,26.0,120.1,10.1,8.0,7.0/1.0 ,48%,128.9
,,,,,,,,,,,,,,,,
,,,,,,,,,,,,,,,,
,,,,,,,,,,,,,,,,
,,FAOP,19-Mar-2024,,17.18,,631.7,,Out to Sea ( RWS → KP  ),,,,,,,
,,EOSP,20-Mar-2024,,6.48,13.5,623.3,,Arrival.KHL .KP ,27.8,127.0,9.4,8.4,7.2/1.2 ,43%,122.8
,,,,,,,,,,,,,,,,
,,FAOP,21-Mar-2024,,0.48,,619.1,,Out to Sea (  KP  → RWS ),,,,,,,
,,EOSP,21-Mar-2024,,14.00,13.2,610.8,,Arrival .RWS,27.9,125.0,9.5,8.3,7.2/1.1 ,42%,123.8
,,,,,,,,,,,,,,,,
,,FAOP,22-Mar-2024,,13.24,,604.8,,Out to Sea ( RWS → KP  ),,,,,,,
,,EOSP,23-Mar-2024,,2.06,12.7,596.9,,Arrival.KHL .KP ,24.5,125.0,9.8,7.9,6.8/1.1 ,43%,122.8
,,,,,,,,,,,,,,,,
,,FAOP,23-Mar-2024,,17.48,,593.6,,Out to Sea (  KP  → RWS ),,,,,,,
,,EOSP,24-Mar-2024,,5.00,11.2,586.6,,Arrival .RWS,18.0,120.0,10.7,7.0,6.0/1.0 ,44%,123.2
,,,,,,,,,,,,,,,,
,,FAOP,25-Mar-2024,,18.42,,578.8,,Out to Sea ( RWS → KP  ),,,,,,,
,,EOSP,26-Mar-2024,,7.42,13.0,570.9,,Arrival.KHL .KP ,26.6,125.0,9.6,7.9,6.8/1.1 ,45%,123.4
,,,,,,,,,,,,,,,,
,,FAOP,27-Mar-2024,,10.00,,565.9,,Out to Sea (  KP  → RWS ),,,,,,,
,,EOSP,27-Mar-2024,,23.12,13.2,557.7,,Arrival .RWS,27.5,126.0,9.5,8.2,7.1/1.1 ,45%,124
,,,,,,,,,,,,,,,,
,,FAOP,28-Mar-2024,,22.18,,552.3,,Out to Sea ( RWS → KP  ),,,,,,,
,,EOSP,29-Mar-2024,,11.00,12.7,544.5,,Arrival.KHL .KP ,26.5,123.0,9.7,7.8,6.7/1.1 ,45%,124.2
,,,,,,,,,,,,,,,,
,,,,,,,,,,,,,,,,
,,FAOP,1-Apr-2024,,9.12,,523.1,,Out to Sea ( RWS → KP  ),,,,,,,
,,EOSP,1-Apr-2024,,21.00,11.8,515.7,,Arrival.KHL .KP ,21.0,122.0,10.3,7.4,6.3/1.1 ,45%,123.1
,,,,,,,,,,,,,,,,
,,FAOP,2-Apr-2024,,19.24,,511.6,,Out to Sea (  KP  → RWS ),,,,,,,
,,EOSP,3-Apr-2024,,7.00,11.6,504.3,,Arrival .RWS,19.7,123.0,10.6,7.3,6.3/1 ,47%,124.3
,,,,,,,,,,,,,,,,
,,FAOP,4-Apr-2024,,7.00,,498.5,,Out to Sea ( RWS → KP  ),,,,,,,
,,EOSP,4-Apr-2024,,18.00,11.0,490.9,,Arrival.KHL .KP ,21.4,120.0,10.9,7.6,6.7/0.9 ,53%,130.6
,,,,,,,,,,,,,,,,
,,FAOP,5-Apr-2024,,17.48,,486.4,,Out to Sea (  KP  → RWS ),,,,,,,
,,EOSP,6-Apr-2024,,5.12,11.4,479.3,,Arrival .RWS,18.9,120.0,10.5,7.1,6.1/1.0 ,43%,122.3
,,,,,,,,,,,,,,,,
,,FAOP,7-Apr-2024,,3.36,,473.9,,Out to Sea ( RWS → KP  ),,,,,,,
,,EOSP,7-Apr-2024,,15.42,12.1,465.5,,Arrival.KHL .KP ,26.5,122.0,10.1,8.4,7.4/1.0 ,44%,129.2
,,,,,,,,,,,,,,,,
,,FAOP,8-Apr-2024,,9.42,,461.7,,Out to Sea (  KP  → RWS ),,,,,,,
,,EOSP,8-Apr-2024,,21.12,11.5,454.4,,Arrival .RWS,18.0,124.0,10.8,7.3,6.3/1.0 ,42%,124
,,,,,,,,,,,,,,,,
,,FAOP,9-Apr-2024,,20.42,,448.9,,Out to Sea ( RWS → KP  ),,,,,,,
,,EOSP,10-Apr-2024,,9.12,12.5,441.2,,Arrival.KHL .KP ,24.9,123.0,9.8,7.7,6.6/1.1 ,48%,123.5
,,,,,,,,,,,,,,,,
,,FAOP,11-Apr-2024,,2.12,,437.4,,Out to Sea (  KP  → RWS ),,,,,,,
,,EOSP,11-Apr-2024,,14.24,12.2,430.1,,Arrival .RWS,22.8,123.0,10.1,7.3,6.3/1.0 ,43%,123.1
,,,,,,,,,,,,,,,,
,,,,,,,,,,,,,,,,
,,FAOP,20-Apr-2024,,14.06,,361.1,,Out to Sea ( RWS → KP  ),,,,,,,
,,EOSP,21-Apr-2024,,1.42,11.6,354.0,,Arrival.KHL .KP ,19.5,122.0,10.5,7.1,6.1/1.0 ,44%,123.1
,,,,,,,,,,,,,,,,
,,FAOP,21-Apr-2024,,19.36,,350.3,,Out to Sea (  KP  → RWS ),,,,,,,
,,EOSP,22-Apr-2024,,5.12,9.6,342.7,,Arrival .RWS,16.0,118.7,12.4,7.6,6.7/0.9 ,59%,137.2
,,,,,,,,,,,,,,,,
,,,,,,,,,,,,,,,,
,,FAOP,25-Apr-2024,,13.36,,321.6,,Out to Sea (  KP  → RWS ),,,,,,,
,,EOSP,26-Apr-2024,,2.30,12.9,314.2,,Arrival .RWS,17.5,136.2,10.6,7.4,6.3/1.1  ,41%,120.6
,,,,,,,,,,,,,,,,
,,FAOP,27-Apr-2024,,0.36,,308.9,,Out to Sea ( RWS → KP  ),,,,,,,
,,EOSP,27-Apr-2024,,11.30,10.9,300.6,,Arrival.KHL .KP ,23.2,120.8,11.1,8.3,7.3/1.0 ,64%,136
,,,,,,,,,,,,,,,,
,,FAOP,28-Apr-2024,,8.06,,296.5,,Out to Sea (  KP  → RWS ),,,,,,,
,,EOSP,28-Apr-2024,,17.48,9.7,288.8,,Arrival .RWS,20.9,113.2,11.7,7.7,6.9/0.8 ,61%,139
,,,,,,,,,,,,,,,,
,,FAOP,29-Apr-2024,,18.42,,282.8,,Out to Sea ( RWS → KP  ),,,,,,,
,,EOSP,30-Apr-2024,,6.30,11.8,275.5,,Arrival.KHL .KP ,23.3,119.5,10.1,7.3,6.3/1.0 ,39%,124.4
,,,,,,,,,,,,,,,,
,,FAOP,1-May-2024,,0.12,,271.4,,Out to Sea (  KP  → RWS ),,,,,,,
,,EOSP,1-May-2024,,11.00,10.8,263.5,,Arrival .RWS,21.5,119.8,11.1,7.9,6.9/1.0 ,44%,133.1
,,,,,,,,,,,,,,,,
,,FAOP,3-May-2024,,10.06,,254.2,,Out to Sea ( RWS → KP  ),,,,,,,
,,EOSP,3-May-2024,,22.00,11.9,246.5,,Arrival.KHL .KP ,28.0,115.2,9.7,7.7,6.7/1.0 ,46%,125.8
,,,,,,,,,,,,,,,,
,,FAOP,5-May-2024,,9.06,,240.1,,Out to Sea (  KP  → RWS ),,,,,,,
,,EOSP,5-May-2024,,18.00,8.9,232.5,,Arrival .RWS,20.8,106.0,11.9,7.6,6.9/0.7 ,66%,141.6
,,,,,,,,,,,,,,,,
,,FAOP,6-May-2024,,14.06,,226.7,,Out to Sea ( RWS → KP  ),,,,,,,
,,EOSP,7-May-2024,,2.00,11.9,218.6,,Arrival.KHL .KP ,26.6,119.7,10.1,8.1,7.1/1.0 ,48%,129.1
,,,,,,,,,,,,,,,,
,,FAOP,7-May-2024,,19.00,,214.2,,Out to Sea (  KP  → RWS ),,,,,,,
,,EOSP,8-May-2024,,5.54,10.9,207.5,,Arrival .RWS,15.8,118.3,10.9,6.7,5.7/1.0 ,44%,121.5
,,,,,,,,,,,,,,,,
,,FAOP,10-May-2024,,6.06,,198.7,,Out to Sea ( RWS → KP  ),,,,,,,
,,EOSP,10-May-2024,,17.00,10.9,189.4,,Arrival.KHL .KP ,23.0,123.1,11.3,9.3,8.4/0.9 ,64%,139
,,,,,,,,,,,,,,,,
,,FAOP,11-May-2024,,11.06,,185.8,,Out to Sea (  KP  → RWS ),,,,,,,
,,EOSP,11-May-2024,,22.42,11.6,178.5,,Arrival .RWS,21.0,118.0,10.2,7.3,6.2/1.1 ,40%,121
,,,,,,,,,,,,,,,,
,,FAOP,12-May-2024,,17.06,,173.3,,Out to Sea ( RWS → KP  ),,,,,,,
,,EOSP,13-May-2024,,5.00,11.9,166.1,,Arrival.KHL .KP ,22.1,119.7,10.1,7.2,6.1/1.1 ,42%,121.7
,,,,,,,,,,,,,,,,
,,FAOP,14-May-2024,,3.12,,162.9,,Out to Sea (  KP  → RWS ),,,,,,,
,,EOSP,14-May-2024,,14.00,10.8,154.6,,Arrival .RWS,23.6,117.9,10.9,8.3,7.3/1.0 ,52%,134.6
,,,,,,,,,,,,,,,,
,,FAOP,15-May-2024,,11.06,,148.9,,Out to Sea ( RWS → KP  ),,,,,,,
,,EOSP,15-May-2024,,21.42,10.6,139.8,,Arrival.KHL .KP ,24.8,119.3,11.3,9.1,8.0/1.1 ,44%,141.1
,,,,,,,,,,,,,,,,
,,FAOP,16-May-2024,,17.36,,136.0,,Out to Sea (  KP  → RWS ),,,,,,,
,,EOSP,17-May-2024,,5.30,11.9,128.7,,Arrival .RWS,22.0,119.2,10.0,7.3,6.2/1.1 ,41%,121
,,,,,,,,,,,,,,,,
,,FAOP,18-May-2024,,4.12,,122.5,,Out to Sea ( RWS → KP  ),,,,,,,
,,EOSP,18-May-2024,,15.00,10.8,112.6,,Arrival.KHL .KP ,26.0,120.6,11.2,9.9,8.8/1.1 ,65%,142
,,,,,,,,,,,,,,,,
,,FAOP,19-May-2024,,15.06,,107.0,,Out to Sea (  KP  → RWS ),,,,,,,
,,EOSP,20-May-2024,,3.00,11.9,99.5,,Arrival .RWS,21.9,119.5,10.0,7.5,6.4/1.1 ,44%,121.2
,,,,,,,,,,,,,,,,
,,FAOP,21-May-2024,,0.06,,92.1,,Out to Sea ( RWS → KP  ),,,,,,,
,,EOSP,21-May-2024,,11.54,11.8,84.3,,Arrival.KHL .KP ,21.5,119.0,10.1,7.8,6.7\1.1\0.0,46%,121.1
,,,,,,,,,,,,,,,,
,,,,,,,,,,,,,,,,
,,FAOP,25-May-2024,,12.06,,643.4,,Out to Sea ( RWS → KP  ),,,,,,,
,,EOSP,25-May-2024,,23.00,10.9,635.1,,Arrival.KHL .KP ,30.5,101.3,9.3,8.3,7.2/1.1 ,52%,126
,,,,,,,,,,,,,,,,
,,FAOP,27-May-2024,,11.06,,627.0,,Out to Sea (  KP  → RWS ),,,,,,,
,,EOSP,27-May-2024,,21.00,9.9,618.3,,Arrival .RWS,22.4,113.7,11.5,8.7,7.7/1.0 ,61%,139.5
,,,,,,,,,,,,,,,,
,,FAOP,28-May-2024,,18.06,,611.5,,Out to Sea ( RWS → KP  ),,,,,,,
,,EOSP,29-May-2024,,6.00,11.9,603.7,,Arrival.KHL .KP ,29.4,108.3,9.1,7.8,6.7/1.1 ,42%,121.4
,,,,,,,,,,,,,,,,
,,FAOP,30-May-2024,,0.06,,598.3,,Out to Sea (  KP  → RWS ),,,,,,,
,,EOSP,30-May-2024,,11.00,10.9,588.9,,Arrival .RWS,24.6,120.1,11.0,9.4,8.3/1.1 ,64%,137.7
,,,,,,,,,,,,,,,,
,,,,,,,,,,,,,,,,
,,FAOP,3-Jun-2024,,23.06,,556.6,,Out to Sea (  KP  → RWS ),,,,,,,
,,EOSP,4-Jun-2024,,8.00,8.9,548.4,,Arrival .RWS,15.1,115.7,13.0,8.2,7.4/0.8 ,61%,144.3
,,,,,,,,,,,,,,,,
,,FAOP,5-Jun-2024,,9.06,,541.7,,Out to Sea ( RWS → KP  ),,,,,,,
,,EOSP,5-Jun-2024,,17.00,7.9,533.2,,Arrival.KHL .KP ,13.8,109.9,13.9,8.5,7.7/0.8 ,62%,153.1
,,,,,,,,,,,,,,,,
,,FAOP,6-Jun-2024,,14.06,,528.4,,Out to Sea (  KP  → RWS ),,,,,,,
,,EOSP,7-Jun-2024,,0.00,9.9,522.2,,Arrival .RWS,9.8,115.2,11.6,6.2,52./1.0 ,30%,121.2
,,,,,,,,,,,,,,,,
,,FAOP,7-Jun-2024,,19.06,,516.5,,Out to Sea ( RWS → KP  ),,,,,,,
,,EOSP,8-Jun-2024,,6.00,10.9,509.5,,Arrival.KHL .KP ,17.1,116.0,10.6,7.0,5.9/1.1 ,32%,121
,,,,,,,,,,,,,,,,
,,FAOP,9-Jun-2024,,4.06,,505.0,,Out to Sea (  KP  → RWS ),,,,,,,
,,EOSP,9-Jun-2024,,14.00,9.9,497.6,,Arrival .RWS,14.5,119.2,12.0,7.4,6.4/1.0 ,38%,130.1
,,,,,,,,,,,,,,,,
,,FAOP,11-Jun-2024,,2.18,,488.9,,Out to Sea ( RWS → KP  ),,,,,,,
,,EOSP,11-Jun-2024,,12.30,10.2,482.0,,Arrival.KHL .KP ,16.1,112.8,11.1,6.9,5.7/1.2 ,34%,121.3
,,,,,,,,,,,,,,,,
,,FAOP,12-Jun-2024,,8.06,,477.6,,Out to Sea (  KP  → RWS ),,,,,,,
,,EOSP,12-Jun-2024,,18.00,9.9,469.7,,Arrival .RWS,12.8,121.2,12.2,7.9,6.9/1.0 ,41%,133.8
,,,,,,,,,,,,,,,,
,,FAOP,14-Jun-2024,,3.42,,462.6,,Out to Sea ( RWS → KP  ),,,,,,,
,,EOSP,14-Jun-2024,,14.30,10.8,455.7,,Arrival.KHL .KP ,15.3,119.0,11.0,6.9,5.37/1.2 ,32%,121
,,,,,,,,,,,,,,,,
,,FAOP,15-Jun-2024,,17.06,,451.1,,Out to Sea (  KP  → RWS ),,,,,,,
,,EOSP,16-Jun-2024,,5.00,11.9,443.5,,Arrival .RWS,21.0,121.2,10.2,7.6,6.3/1.2 ,30%,121.6
,,,,,,,,,,,,,,,,
,,FAOP,17-Jun-2024,,4.06,,437.7,,Out to Sea ( RWS → KP  ),,,,,,,
,,EOSP,17-Jun-2024,,14.00,9.9,429.6,,Arrival.KHL .KP ,19.3,113.8,11.5,8.1,7.1/1.0 ,47%,131.6
,,,,,,,,,,,,,,,,
,,FAOP,18-Jun-2024,,14.06,,425.2,,Out to Sea (  KP  → RWS ),,,,,,,
,,EOSP,19-Jun-2024,,2.00,11.9,417.4,,Arrival .RWS,19.7,122.6,10.3,7.8,6.5/1.3 ,31%,120.8
,,,,,,,,,,,,,,,,
,,FAOP,20-Jun-2024,,2.06,,411.6,,Out to Sea ( RWS → KP  ),,,,,,,
,,EOSP,20-Jun-2024,,13.00,10.9,404.4,,Arrival.KHL .KP ,20.3,112.8,10.3,7.2,6.0/1.2 ,30%,121
,,,,,,,,,,,,,,,,
,,FAOP,21-Jun-2024,,12.06,,399.5,,Out to Sea (  KP  → RWS ),,,,,,,
,,EOSP,21-Jun-2024,,19.42,7.6,390.3,,Arrival .RWS,12.2,111.8,14.7,9.2,8.4/0.8 ,77%,157.8
,,,,,,,,,,,,,,,,
,,FAOP,22-Jun-2024,,16.06,,384.7,,Out to Sea ( RWS → KP  ),,,,,,,
,,EOSP,23-Jun-2024,,4.00,11.9,376.8,,Arrival.KHL .KP ,26.3,112.6,9.5,7.9,6.8/1.1 ,32%,121
,,,,,,,,,,,,,,,,
,,FAOP,24-Jun-2024,,4.06,,371.9,,Out to Sea (  KP  → RWS ),,,,,,,
,,EOSP,24-Jun-2024,,13.00,8.9,362.3,,Arrival .RWS,18.1,118.6,13.3,9.6,8.7/0.9 ,64%,151.3
,,,,,,,,,,,,,,,,
,,FAOP,25-Jun-2024,,12.06,,356.0,,Out to Sea ( RWS → KP  ),,,,,,,
,,EOSP,25-Jun-2024,,20.48,8.7,346.1,,Arrival.KHL .KP ,17.9,115.5,13.3,9.9,9.0/0.9 ,65%,152.3
,,,,,,,,,,,,,,,,
,,FAOP,26-Jun-2024,,16.06,,340.9,,Out to Sea (  KP  → RWS ),,,,,,,
,,EOSP,27-Jun-2024,,4.00,11.9,332.8,,Arrival .RWS,22.3,119.2,10.0,8.1,6.8/1.3 ,32%,121.5
,,,,,,,,,,,,,,,,
,,FAOP,28-Jun-2024,,4.36,,326.3,,Out to Sea ( RWS → KP  ),,,,,,,
,,EOSP,28-Jun-2024,,14.30,9.9,318.6,,Arrival.KHL .KP ,18.9,108.9,11.0,7.7,6.6/1.1 ,36%,128.4
,,,,,,,,,,,,,,,,
,,FAOP,29-Jun-2024,,17.36,,313.0,,Out to Sea (  KP  → RWS ),,,,,,,
,,EOSP,30-Jun-2024,,4.00,10.4,306.0,,Arrival .RWS,17.2,110.6,10.6,7.0,5.9/1.1 ,32%,121
,,,,,,,,,,,,,,,,
,,FAOP,1-Jul-2024,,4.36,,299.1,,Out to Sea ( RWS → KP  ),,,,,,,
,,EOSP,1-Jul-2024,,15.30,10.9,291.8,,Arrival.KHL .KP ,18.1,114.6,10.5,7.3,6.0/1.3 ,32%,120.5
,,,,,,,,,,,,,,,,
,,FAOP,2-Jul-2024,,13.36,,287.3,,Out to Sea (  KP  → RWS ),,,,,,,
,,EOSP,3-Jul-2024,,1.30,11.9,279.4,,Arrival .RWS,25.9,113.2,9.5,7.9,6.6/1.3 ,31%,120.9
,,,,,,,,,,,,,,,,
,,FAOP,4-Jul-2024,,1.36,,272.8,,Out to Sea ( RWS → KP  ),,,,,,,
,,EOSP,4-Jul-2024,,10.00,8.4,264.4,,Arrival.KHL .KP ,16.6,107.3,12.8,8.4,7.5/0.9 ,56%,144.3
,,,,,,,,,,,,,,,,
,,FAOP,5-Jul-2024,,9.06,,258.2,,Out to Sea (  KP  → RWS ),,,,,,,
,,EOSP,5-Jul-2024,,21.00,11.9,250.1,,Arrival .RWS,24.1,117.8,9.9,8.1,6.8/1.3 ,33%,121
,,,,,,,,,,,,,,,,
,,FAOP,6-Jul-2024,,19.36,,244.7,,Out to Sea ( RWS → KP  ),,,,,,,
,,EOSP,7-Jul-2024,,7.30,11.9,237.5,,Arrival.KHL .KP ,20.5,121.5,10.2,7.2,5.9/1.3 ,32%,121
,,,,,,,,,,,,,,,,
,,FAOP,8-Jul-2024,,6.36,,233.3,,Out to Sea (  KP  → RWS ),,,,,,,
,,EOSP,8-Jul-2024,,14.42,8.1,226.0,,Arrival .RWS,28.0,105.0,13.0,7.3,6.4/0.9 ,73%,157.8
,,,,,,,,,,,,,,,,
,,FAOP,9-Jul-2024,,16.06,,220.3,,Out to Sea ( RWS → KP  ),,,,,,,
,,EOSP,10-Jul-2024,,4.00,11.9,214.1,,Arrival.KHL .KP ,25.5,114.3,9.6,6.2,5.0/1.2 ,32%,121.5
,,,,,,,,,,,,,,,,
,,FAOP,10-Jul-2024,,22.06,,210.9,,Out to Sea (  KP  → RWS ),,,,,,,
,,EOSP,11-Jul-2024,,9.00,10.9,205.0,,Arrival .RWS,18.5,118.6,10.9,5.9,4.9/1.0 ,44%,125.9
,,,,,,,,,,,,,,,,
,,,,,,,,,,,,,,,,
,,,,,,,,,,,,,,,,
,,FAOP,25-Jul-2024,,20.06,,97.3,,Out to Sea (  KP  → RWS ),,,,,,,
,,EOSP,26-Jul-2024,,8.00,11.9,90.7,,Arrival .RWS,20.3,129.5,10.9,6.6,5.5/1.1 ,42%,128.7
,,,,,,,,,,,,,,,,
,,,,,,,,,,,,,,,,
,,FAOP,30-Jul-2024,,21.06,,668.1,,Out to Sea (  KP  → RWS ),,,,,,,
,,EOSP,31-Jul-2024,,9.00,11.9,661.4,,Arrival .RWS,17.4,135.7,11.4,6.7,5.6/1.1 ,41%,130
,,,,,,,,,,,,,,,,
,,,,,,,,,,,,,,,,
,,,,,,,,,,,,,,,,
,,FAOP,5-Aug-2024,,15.06,,628.7,,Out to Sea ( RWS → KP  ),,,,,,,
,,EOSP,6-Aug-2024,,3.00,11.9,622.1,,Arrival.KHL .KP ,29.2,113.4,9.5,6.6,5.5/1.1 ,39%,126.8
,,,,,,,,,,,,,,,,
,,FAOP,7-Aug-2024,,0.36,,617.8,,Out to Sea (  KP  → RWS ),,,,,,,
,,EOSP,7-Aug-2024,,10.36,10.0,612.3,,Arrival .RWS,19.5,109.9,11.0,5.5,4.6/1.1 ,40%,128.7
,,,,,,,,,,,,,,,,
,,,,,,,,,,,,,,,,
,,FAOP,12-Aug-2024,,6.06,,580.7,,Out to Sea ( RWS → KP  ),,,,,,,
,,EOSP,12-Aug-2024,,16.00,9.9,574.1,,Arrival.KHL .KP ,21.6,116.5,11.8,6.6,5.6/1.0 ,44%,130.8
,,,,,,,,,,,,,,,,
,,FAOP,13-Aug-2024,,20.36,,569.2,,Out to Sea (  KP  → RWS ),,,,,,,
,,EOSP,14-Aug-2024,,6.00,9.4,563.9,,Arrival .RWS,16.9,107.2,11.4,5.3,4.4/0.9 ,41%,129.3
,,,,,,,,,,,,,,,,
,,FAOP,15-Aug-2024,,8.06,,558.6,,Out to Sea ( RWS → KP  ),,,,,,,
,,EOSP,15-Aug-2024,,15.00,6.9,554.5,,Arrival.KHL .KP ,20.2,74.9,10.9,4.1,3.4/0.7 ,40%,128.8
,,,,,,,,,,,,,,,,
,,FAOP,16-Aug-2024,,22.36,,548.0,,Out to Sea (  KP  → RWS ),,,,,,,
,,EOSP,17-Aug-2024,,9.48,11.2,541.7,,Arrival .RWS,17.2,126.8,11.3,6.3,5.3/1.0 ,42%,128.9
,,,,,,,,,,,,,,,,
,,FAOP,18-Aug-2024,,19.48,,534.7,,Out to Sea ( RWS → KP  ),,,,,,,
,,EOSP,19-Aug-2024,,7.42,11.9,527.9,,Arrival.KHL .KP ,26.2,118.3,9.9,6.8,5.8/1.0 ,40%,126.8
,`,,,,,,,,,,,,,,,
,,FAOP,20-Aug-2024,,12.00,,522.9,,Out to Sea (  KP  → RWS ),,,,,,,
,,EOSP,20-Aug-2024,,21.18,9.3,517.7,,Arrival .RWS,11.6,111.5,12.0,5.2,4.3/0.9 ,40%,127.8
,,,,,,,,,,,,,,,,
,,FAOP,22-Aug-2024,,16.48,,509.5,,Out to Sea ( RWS → KP  ),,,,,,,
,,EOSP,23-Aug-2024,,4.12,11.4,503.3,,Arrival.KHL .KP ,23.8,116.4,10.2,6.2,5.1/1.1 ,40%,126.3
,,,,,,,,,,,,,,,,
,,FAOP,24-Aug-2024,,1.06,,500.0,,Out to Sea (  KP  → RWS ),,,,,,,
,,EOSP,24-Aug-2024,,12.00,10.9,494.1,,Arrival .RWS,14.3,126.9,11.6,5.9,4.9/1.0 ,40%,126
,,,,,,,,,,,,,,,,
,,FAOP,26-Aug-2024,,14.54,,485.3,,Out to Sea ( RWS → KP  ),,,,,,,
,,EOSP,27-Aug-2024,,2.12,11.3,479.0,,Arrival.KHL .KP ,21.7,119.5,10.6,6.3,5.2/1.1 ,39%,127.3
,,,,,,,,,,,,,,,,
,,FAOP,28-Aug-2024,,0.06,,475.7,,Out to Sea (  KP  → RWS ),,,,,,,
,,EOSP,28-Aug-2024,,11.06,11.0,469.6,,Arrival .RWS,17.5,123.1,11.2,6.1,5.0/1.1 ,40%,127.8
,,,,,,,,,,,,,,,,
,,FAOP,30-Aug-2024,,7.00,,461.5,,Out to Sea ( RWS → KP  ),,,,,,,
,,EOSP,30-Aug-2024,,18.12,11.2,455.2,,Arrival.KHL .KP ,25.1,112.8,10.1,6.3,5.1/1.2 ,38%,126.7
,,,,,,,,,,,,,,,,
,,FAOP,31-Aug-2024,,23.18,,449.9,,Out to Sea (  KP  → RWS ),,,,,,,
,,EOSP,1-Sep-2024,,10.00,10.7,443.9,,Arrival .RWS,19.0,117.8,11.0,6.0,4.9/1.4 ,40%,128.1
,,,,,,,,,,,,,,,,
,,FAOP,3-Sep-2024,,10.30,,434.8,,Out to Sea ( RWS → KP  ),,,,,,,
,,EOSP,3-Sep-2024,,21.30,11.0,427.2,,Arrival.KHL .KP ,23.5,123.2,11.2,7.6,6.6/1.0 ,58%,141.9
,,,,,,,,,,,,,,,,
,,FAOP,4-Sep-2024,,16.12,,423.7,,Out to Sea (  KP  → RWS ),,,,,,,
,,EOSP,5-Sep-2024,,2.12,10.0,416.5,,Arrival .RWS,19.4,123.5,12.4,7.2,6.3/0.9 ,61%,144.4
,,,,,,,,,,,,,,,,
,,FAOP,7-Sep-2024,,0.30,,408.2,,Out to Sea ( RWS → KP  ),,,,,,,
,,EOSP,7-Sep-2024,,10.30,10.0,400.7,,Arrival.KHL .KP ,23.6,117.0,11.7,7.5,6.5/1.0 ,58%,144.3
,,,,,,,,,,,,,,,,
,,FAOP,8-Sep-2024,,1.48,,397.6,,Out to Sea (  KP  → RWS ),,,,,,,
,,EOSP,8-Sep-2024,,12.00,10.2,390.5,,Arrival .RWS,15.9,127.7,12.5,7.1,6.1/1.0 ,59%,140.3
,,,,,,,,,,,,,,,,
,,FAOP,9-Sep-2024,,21.48,,384.0,,Out to Sea ( RWS → KP  ),,,,,,,
,,EOSP,10-Sep-2024,,7.54,10.1,376.5,,Arrival.KHL .KP ,21.7,120.9,12.0,7.5,6.5/1.0 ,58%,144.1
,,,,,,,,,,,,,,,,
,,FAOP,11-Sep-2024,,2.12,,373.0,,Out to Sea (  KP  → RWS ),,,,,,,
,,EOSP,11-Sep-2024,,12.00,9.8,365.6,,Arrival .RWS,15.5,128.0,13.1,7.4,6.4/1.0 ,57%,145.6
,,,,,,,,,,,,,,,,
,,FAOP,12-Sep-2024,,4.30,,361.6,,Out to Sea ( RWS → KP  ),,,,,,,
,,EOSP,12-Sep-2024,,14.42,10.2,354.0,,Arrival.KHL .KP ,24.8,117.5,11.5,7.6,6.6/1.0 ,57%,144.3
,,,,,,,,,,,,,,,,
,,FAOP,13-Sep-2024,,8.30,,350.6,,Out to Sea (  KP  → RWS ),,,,,,,
,,EOSP,13-Sep-2024,,18.54,10.4,342.9,,Arrival .RWS,18.5,128.9,12.4,7.7,6.6/1.1 ,61%,144.3
,,,,,,,,,,,,,,,,
,,FAOP,14-Sep-2024,,18.30,,337.5,,Out to Sea ( RWS → KP  ),,,,,,,
,,EOSP,15-Sep-2024,,5.48,11.3,331.0,,Arrival.KHL .KP ,22.7,118.5,10.5,6.5,5.4/1.1 ,45%,127.8
,,,,,,,,,,,,,,,,
,,FAOP,16-Sep-2024,,3.00,,327.3,,Out to Sea (  KP  → RWS ),,,,,,,
,,EOSP,16-Sep-2024,,13.12,10.2,319.7,,Arrival .RWS,19.8,124.9,12.2,7.6,6.6/1.0 ,58%,144.3
,,,,,,,,,,,,,,,,
,,FAOP,25-Sep-2024,,15.42,,238.9,,Out to Sea ( RWS → KP  ),,,,,,,
,,EOSP,26-Sep-2024,,2.54,11.2,232.3,,Arrival.KHL .KP ,22.1,118.3,10.6,6.6,5.5/1.1 ,41%,127.8
,,,,,,,,,,,,,,,,
,,FAOP,26-Sep-2024,,22.00,,229.2,,Out to Sea (  KP  → RWS ),,,,,,,
,,EOSP,27-Sep-2024,,10.18,12.3,222.0,,Arrival .RWS,22.4,129.6,10.5,7.2,6.0/1.2 ,41%,127.9
,,,,,,,,,,,,,,,,
,,FAOP,28-Sep-2024,,5.12,,217.2,,Out to Sea ( RWS → KP  ),,,,,,,
,,EOSP,28-Sep-2024,,16.42,11.5,210.5,,Arrival.KHL .KP ,24.1,117.5,10.2,6.7,5.5/1.2 ,40%,126.7
,,,,,,,,,,,,,,,,
,,,,,,,,,,,,,,,,
,,FAOP,29-Sep-2024,,8.54,,207.0,,Out to Sea (KP→ RWS ),,,,,,,
,,EOSP,29-Sep-2024,,20.00,11.1,200.1,,Arrival .RWS,17.0,126.7,11.4,6.9,5.6/1.3,40%,128.0
,,,,,,,,,,,,,,,,
,,FAOP,30-Sep-2024,,16.18,,194.5,,Out to Sea ( RWS → KP  ),,,,,,,
,,EOSP,1-Oct-2024,,4.36,12.3,186.9,,Arrival .KP,26.7,121.7,9.9,7.6,6.3/1.3,42%,127.1
,,,,,,,,,,,,,,,,
,,FAOP,1-Oct-2024,,21.12,,183.6,,Out to Sea (KP→ RWS ),,,,,,,
,,EOSP,2-Oct-2024,,8.12,11.0,176.7,,Arrival .RWS,15.6,126.1,11.5,6.9,5.7/1.2,41%,128.0
,,,,,,,,,,,,,,,,
,,FAOP,3-Oct-2024,,7.18,,170.8,,Out to Sea ( RWS → KP  ),,,,,,,
,,EOSP,3-Oct-2024,,19.12,11.9,163.7,,Arrival .KP,22.0,123.7,10.4,7.1,5.8/1.3,40%,127.1
,,,,,,,,,,,,,,,,
,,FAOP,4-Oct-2024,,15.42,,159.6,,Out to Sea (KP→ RWS ),,,,,,,
,,EOSP,5-Oct-2024,,4.24,12.7,151.6,,Arrival .RWS,25.5,128.3,10.1,8.0,6.7/1.3,43%,127.8
,,,,,,,,,,,,,,,,
,,FAOP,6-Oct-2024,,0.48,,146.6,,Out to Sea ( RWS → KP  ),,,,,,,
,,EOSP,6-Oct-2024,,12.48,12.0,139.3,,Arrival .KP,25.6,121.4,10.1,7.3,6.0/1.3,40%,126.7
,,,,,,,,,,,,,,,,
,,FAOP,7-Oct-2024,,7.18,,135.7,,Out to Sea (KP→ RWS ),,,,,,,
,,EOSP,7-Oct-2024,,18.24,11.1,128.7,,Arrival .RWS,15.0,128.3,11.6,7.0,5.7/1.3,40%,128.0
,,,,,,,,,,,,,,,,
,,FAOP,8-Oct-2024,,16.54,,123.4,,Out to Sea ( RWS → KP  ),,,,,,,
,,EOSP,9-Oct-2024,,4.30,11.6,116.1,,Arrival .KP,23.3,121.0,10.4,7.3,6.0/1.3,41%,128.0
,,,,,,,,,,,,,,,,
,,FAOP,10-Oct-2024,,0.06,,111.4,,Out to Sea (KP→ RWS ),,,,,,,
,,EOSP,10-Oct-2024,,10.30,10.4,105.2,,Arrival .RWS,14.9,119.5,11.5,6.2,5.1/1.1,41%,127.2
,,,,,,,,,,,,,,,,
,,FAOP,11-Oct-2024,,7.06,,99.7,,Out to Sea ( RWS → KP  ),,,,,,,
,,EOSP,11-Oct-2024,,18.12,11.1,90.8,,Arrival .KP,25.3,118.7,10.7,8.9,7.7/1.2,43%,127.0
,,,,,,,,,,,,,,,,
,,FAOP,12-Oct-2024,,21.06,,635.1,,Out to Sea (KP→ RWS ),,,,,,,
,,EOSP,13-Oct-2024,,7.30,10.4,628.0,,Arrival .RWS,17.1,121.3,11.7,7.1,6.0/1.1,43%,127.0
,,,,,,,,,,,,,,,,
,,FAOP,14-Oct-2024,,5.06,,622.3,,Out to Sea ( RWS → KP  ),,,,,,,
,,EOSP,14-Oct-2024,,16.30,11.4,614.9,,Arrival .KP,24.0,118.5,10.4,7.4,6.2/1.2,41%,127.0
,,,,,,,,,,,,,,,,
,,FAOP,15-Oct-2024,,12.06,,610.1,,Out to Sea (KP→ RWS ),,,,,,,
,,EOSP,15-Oct-2024,,22.18,10.2,603.2,,Arrival .RWS,14.9,116.9,11.5,6.9,5.8/1.1,40%,127.0
,,,,,,,,,,,,,,,,
,,FAOP,17-Oct-2024,,10.12,,594.1,,Out to Sea ( RWS → KP  ),,,,,,,
,,EOSP,17-Oct-2024,,21.30,11.3,586.6,,Arrival .KP,23.6,115.7,10.2,7.5,6.3/1.2,40%,127.0
,,,,,,,,,,,,,,,,
,,FAOP,19-Oct-2024,,0.30,,580.5,,Out to Sea (KP→ RWS ),,,,,,,
,,EOSP,19-Oct-2024,,12.00,11.5,573.4,,Arrival .RWS,16.4,130.1,11.3,7.1,5.9/1.2,41%,128.0
,,,,,,,,,,,,,,,,
,,FAOP,20-Oct-2024,,19.30,,566.0,,Out to Sea ( RWS → KP  ),,,,,,,
,,EOSP,21-Oct-2024,,6.36,11.1,558.7,,Arrival .KP,24.6,113.3,10.2,7.3,6.1/1.2,42%,127.6
,,,,,,,,,,,,,,,,
,,FAOP,22-Oct-2024,,12.00,,552.3,,Out to Sea (KP→ RWS ),,,,,,,
,,EOSP,23-Oct-2024,,0.00,12.0,544.9,,Arrival .RWS,19.3,130.2,10.9,7.4,6.1/1.3,41%,127.0
,,,,,,,,,,,,,,,,
,,FAOP,24-Oct-2024,,0.30,,538.7,,Out to Sea ( RWS → KP  ),,,,,,,
,,EOSP,24-Oct-2024,,13.00,12.5,531.1,,Arrival .KP,25.2,119.9,9.6,7.6,6.3/1.3,38%,124.0
,,,,,,,,,,,,,,,,
,,FAOP,25-Oct-2024,,11.00,,526.5,,Out to Sea (KP→ RWS ),,,,,,,
,,EOSP,25-Oct-2024,,22.00,11.0,518.6,,Arrival .RWS,21.4,124.7,11.3,7.9,6.8/1.1,44%,137.0
,,,,,,,,,,,,,,,,
,,FAOP,26-Oct-2024,,22.00,,512.6,,Out to Sea ( RWS → KP  ),,,,,,,
,,EOSP,27-Oct-2024,,10.00,12.0,505.1,,Arrival .CSP,24.2,122.7,10.2,7.5,6.2/1.3,42%,126.0
,,,,,,,,,,,,,,,,
,,FAOP,28-Oct-2024,,3.30,,501.5,,Out to Sea (KP→ RWS ),,,,,,,
,,EOSP,28-Oct-2024,,15.30,12.0,493.1,,Arrival .RWS,19.3,125.2,10.4,8.4,7.3/1.1,41%,130.0
,,,,,,,,,,,,,,,,
,,FAOP,30-Oct-2024,,11.00,,484.4,,Out to Sea ( RWS → KP  ),,,,,,,
,,EOSP,30-Oct-2024,,22.12,11.2,477.4,,Arrival .KP,26.3,112.8,10.1,7.0,5.9/1.1,46%,127.0
,,,,,,,,,,,,,,,,
,,FAOP,1-Nov-2024,,17.42,,469.6,,Out to Sea (KP→ RWS ),,,,,,,
,,EOSP,2-Nov-2024,,5.30,11.8,462.2,,Arrival .RWS,19.9,127.7,10.8,7.4,6.2/1.2,45%,127.4
,,,,,,,,,,,,,,,,
,,FAOP,3-Nov-2024,,5.48,,456.4,,Out to Sea ( RWS → KP  ),,,,,,,
,,EOSP,3-Nov-2024,,16.54,11.1,448.0,,Arrival .KP,23.9,124.2,11.2,8.4,7.3/1.1,59%,127.0
,,,,,,,,,,,,,,,,
,,FAOP,4-Nov-2024,,8.48,,444.5,,Out to Sea (KP→ RWS ),,,,,,,
,,EOSP,4-Nov-2024,,20.30,11.7,437.8,,Arrival .RWS,18.0,125.3,10.7,6.7,5.5/1.2,38%,123.0
,,,,,,,,,,,,,,,,
,,FAOP,6-Nov-2024,,14.00,,429.5,,Out to Sea ( RWS → KP  ),,,,,,,
,,EOSP,7-Nov-2024,,1.42,11.7,422.5,,Arrival .KP,23.5,116.5,10.0,7.0,5.8/1.2,38%,123.0
,,,,,,,,,,,,,,,,
,,FAOP,7-Nov-2024,,22.06,,418.7,,Out to Sea (KP→ RWS ),,,,,,,
,,EOSP,8-Nov-2024,,9.00,10.9,411.6,,Arrival .RWS,18.4,122.2,11.2,7.1,6.0/1.1,42%,129.0
,,,,,,,,,,,,,,,,
,,FAOP,9-Nov-2024,,4.00,,406.3,,Out to Sea ( RWS → KP  ),,,,,,,
,,EOSP,9-Nov-2024,,15.00,11.0,398.6,,Arrival .KP,22.0,119.5,10.9,7.7,6.6/1.1,42%,129.0
,,,,,,,,,,,,,,,,
,,FAOP,10-Nov-2024,,8.00,,395.2,,Out to Sea (KP→ RWS ),,,,,,,
,,EOSP,10-Nov-2024,,19.30,11.5,388.0,,Arrival .RWS,21.0,128.2,11.1,7.2,5.9/1.3,39%,126.0
,,,,,,,,,,,,,,,,
,,FAOP,11-Nov-2024,,23.36,,381.7,,Out to Sea ( RWS → KP  ),,,,,,,
,,EOSP,12-Nov-2024,,12.00,12.4,374.0,,Arrival .KP,21.2,130.0,10.5,7.7,6.4/1.3,42%,127.0
,,,,,,,,,,,,,,,,
,,FAOP,13-Nov-2024,,8.30,,369.9,,Out to Sea (KP→ RWS ),,,,,,,
,,EOSP,13-Nov-2024,,19.54,11.4,362.6,,Arrival .RWS,18.2,126.5,11.1,7.3,6.1/1.2,41%,127.0
,,,,,,,,,,,,,,,,
,,,,,,,,,,,,,,,,
,,FAOP,17-Nov-2024,,17.30,,329.9,,Out to Sea ( RWS → KP  ),,,,,,,
,,EOSP,18-Nov-2024,,4.48,11.3,322.7,,Arrival .KP,26.1,113.2,10.0,7.2,6.1/1.1,42%,127.0
,,,,,,,,,,,,,,,,
,,FAOP,19-Nov-2024,,0.06,,318.5,,Out to Sea (KP→ RWS ),,,,,,,
,,EOSP,19-Nov-2024,,11.00,10.9,311.4,,Arrival .RWS,14.1,127.1,11.7,7.1,6.0/1.1,42%,127.0
,,,,,,,,,,,,,,,,
,,FAOP,20-Nov-2024,,7.36,,305.9,,Out to Sea ( RWS → KP  ),,,,,,,
,,EOSP,20-Nov-2024,,17.06,9.5,297.0,,Arrival .KP,20.7,116.2,12.2,8.9,7.9/1.0,63%,127.0
,,,,,,,,,,,,,,,,
,,FAOP,21-Nov-2024,,10.30,,293.1,,Out to Sea (KP→ RWS ),,,,,,,
,,EOSP,21-Nov-2024,,22.00,11.5,285.9,,Arrival .RWS,19.2,125.3,10.9,7.2,6.0/1.2,42%,127.0
,,,,,,,,,,,,,,,,
,,FAOP,22-Nov-2024,,21.42,,279.8,,Out to Sea ( RWS → KP  ),,,,,,,
,,EOSP,23-Nov-2024,,10.00,12.3,272.5,,Arrival .KP,26.7,114.6,9.3,7.3,6.1/1.2,40%,125.0
,,,,,,,,,,,,,,,,
,,FAOP,24-Nov-2024,,8.18,,267.8,,Out to Sea (KP→ RWS ),,,,,,,
,,EOSP,24-Nov-2024,,20.48,12.5,260.2,,Arrival .RWS,22.0,126.6,10.1,7.6,6.3/1.3,41%,125.0
,,,,,,,,,,,,,,,,
,,FAOP,25-Nov-2024,,20.06,,254.6,,Out to Sea ( RWS → KP  ),,,,,,,
,,EOSP,26-Nov-2024,,8.30,12.4,247.3,,Arrival .KP,25.9,117.7,9.5,7.3,6.2/1.1,41%,125.0
,,,,,,,,,,,,,,,,
,,FAOP,27-Nov-2024,,3.06,,243.0,,Out to Sea (KP→ RWS ),,,,,,,
,,EOSP,27-Nov-2024,,14.06,11.0,235.5,,Arrival .RWS,22.4,127.4,11.6,7.5,6.5/1.0,45%,129.0
,,,,,,,,,,,,,,,,
,,FAOP,28-Nov-2024,,12.00,,229.9,,Out to Sea ( RWS → KP  ),,,,,,,
,,EOSP,29-Nov-2024,,0.00,12.0,222.4,,Arrival .KP,26.2,116.6,9.7,7.5,6.3/1.2,40%,125.0
,,,,,,,,,,,,,,,,
,,,,,,,,,,,,,,,,
,,FAOP,29-Nov-2024,,21.12,,217.4,,Out to Sea (KP→ RWS ),,,,,,,
,,EOSP,30-Nov-2024,,8.00,10.8,208.6,,Arrival .RWS,24.0,124.8,11.6,8.8,7.7/1.1,64%,127.0
,,,,,,,,,,,,,,,,
,,FAOP,1-Dec-2024,,10.54,,202.5,,Out to Sea ( RWS → KP  ),,,,,,,
,,EOSP,1-Dec-2024,,23.00,12.1,195.1,,Arrival .KP,26.0,118.7,9.8,7.4,6.3/1.1,45%,125.0
,,,,,,,,,,,,,,,,
,,FAOP,2-Dec-2024,,15.54,,191.0,,Out to Sea (KP→ RWS ),,,,,,,
,,EOSP,3-Dec-2024,,4.12,12.3,183.8,,Arrival .RWS,17.4,117.6,9.6,7.2,6.1/1.1,43%,125.0
,,,,,,,,,,,,,,,,
,,FAOP,4-Dec-2024,,1.30,,178.8,,Out to Sea ( RWS → KP  ),,,,,,,
,,EOSP,4-Dec-2024,,13.30,12.0,171.4,,Arrival .KP,26.6,118.0,9.8,7.4,6.2/1.2,42%,125.0
,,,,,,,,,,,,,,,,
,,FAOP,5-Dec-2024,,8.30,,167.8,,Out to Sea (KP→ RWS ),,,,,,,
,,EOSP,5-Dec-2024,,19.48,11.3,160.6,,Arrival .RWS,19.0,121.5,10.8,7.2,5.7/1.2,41%,125.0
,,,,,,,,,,,,,,,,
,,FAOP,6-Dec-2024,,18.18,,155.3,,Out to Sea ( RWS → KP  ),,,,,,,
,,EOSP,7-Dec-2024,,5.24,11.1,148.1,,Arrival .KP,20.9,119.8,10.8,7.2,6.2/1.0,43%,128.0
,,,,,,,,,,,,,,,,
,,FAOP,7-Dec-2024,,20.30,,144.6,,Out to Sea (KP→ RWS ),,,,,,,
,,EOSP,8-Dec-2024,,8.00,11.5,137.0,,Arrival .RWS,20.4,125.1,10.9,7.6,6.5/1.1,48%,129.0
,,,,,,,,,,,,,,,,
,,FAOP,9-Dec-2024,,7.00,,131.3,,Out to Sea ( RWS → KP  ),,,,,,,
,,EOSP,9-Dec-2024,,18.00,11.0,122.0,,Arrival .KP,24.5,119.4,10.9,9.3,8.3/1.0,60%,127.0
,,,,,,,,,,,,,,,,
,,FAOP,10-Dec-2024,,14.30,,117.5,,Out to Sea (KP→ RWS ),,,,,,,
,,EOSP,11-Dec-2024,,2.18,11.8,110.3,,Arrival .RWS,22.0,121.3,10.3,7.2,6.1/1.1,41%,125.0
,,,,,,,,,,,,,,,,
,,FAOP,12-Dec-2024,,9.12,,103.3,,Out to Sea ( RWS → KP  ),,,,,,,
,,EOSP,12-Dec-2024,,19.00,9.8,95.1,,Arrival .KP,22.0,116.7,11.9,8.2,7.2/1.0,62%,143.0
,,,,,,,,,,,,,,,,
,,FAOP,13-Dec-2024,,18.48,,89.9,,Out to Sea (KP→ RWS ),,,,,,,
,,EOSP,14-Dec-2024,,5.30,10.7,82.7,,Arrival .RWS,16.5,120.7,11.3,7.2,6.1/1.1,45%,127.0
,,,,,,,,,,,,,,,,
,,FAOP,14-Dec-2024,,23.30,,77.7,,Out to Sea ( RWS → KP  ),,,,,,,
,,EOSP,15-Dec-2024,,12.00,12.5,70.0,,Arrival .KP,28.3,120.3,9.6,7.7,6.5/1.2,43%,126.0
,,,,,,,,,,,,,,,,
,,FAOP,16-Dec-2024,,15.36,,564.0,,Out to Sea (KP→ RWS ),,,,,,,
,,EOSP,17-Dec-2024,,3.48,12.2,556.5,,Arrival .RWS,25.8,120.5,9.9,7.5,6.4/1.1,43%,125.0
,,,,,,,,,,,,,,,,
,,FAOP,21-Dec-2024,,0.30,,522.0,,Out to Sea ( RWS → KP  ),,,,,,,
,,EOSP,21-Dec-2024,,12.00,11.5,515.0,,Arrival .KP,27.9,108.8,9.5,7.0,5.8/1.2,40%,127.0
,,,,,,,,,,,,,,,,
,,FAOP,22-Dec-2024,,5.42,,510.6,,Out to Sea (KP→ RWS ),,,,,,,
,,EOSP,22-Dec-2024,,18.12,12.5,502.0,,Arrival .RWS,25.0,126.5,10.1,8.6,7.4/1.2,53%,127.0
,,,,,,,,,,,,,,,,
,,FAOP,23-Dec-2024,,12.00,,496.0,,Out to Sea ( RWS → KP  ),,,,,,,
,,EOSP,23-Dec-2024,,21.48,9.8,489.2,,Arrival .KP,22.5,105.7,10.8,6.8,5.8/1.0,53%,127.0
,,,,,,,,,,,,,,,,
,,FAOP,24-Dec-2024,,15.00,,484.8,,Out to Sea (KP→ RWS ),,,,,,,
,,EOSP,25-Dec-2024,,2.00,11.0,478.1,,Arrival .RWS,20.1,115.5,10.5,6.7,5.6/1.1,42%,124.0
,,,,,,,,,,,,,,,,
,,FAOP,26-Dec-2024,,2.06,,471.7,,Out to Sea ( RWS → KP  ),,,,,,,
,,EOSP,26-Dec-2024,,14.06,12.0,464.0,,Arrival .KP,27.3,121.0,10.1,7.7,6.5/1.2,44%,127.0
,,,,,,,,,,,,,,,,
,,FAOP,27-Dec-2024,,7.24,,460.0,,Out to Sea (KP→ RWS ),,,,,,,
,,EOSP,27-Dec-2024,,18.48,11.4,452.7,,Arrival .RWS,18.0,127.5,11.2,7.3,6.2/1.1,42%,126.0
,,,,,,,,,,,,,,,,
,,FAOP,29-Dec-2024,,0.30,,446.2,,Out to Sea ( RWS → KP  ),,,,,,,
,,EOSP,29-Dec-2024,,12.00,11.5,438.6,,Arrival .KP,27.8,113.3,9.9,7.6,6.5/1.1,42%,127.0
,,,,,,,,,,,,,,,,
,,FAOP,30-Dec-2024,,6.30,,434.0,,Out to Sea (KP→ RWS ),,,,,,,
,,EOSP,30-Dec-2024,,18.30,12.0,426.7,,Arrival .RWS,18.0,128.4,10.7,7.3,6.0/1.3,41%,127.0
 ,,,,,,,,,,,,,,,,
,,FAOP,3-Jan-2025,,13.30,,392.2,,Out to Sea ( RWS → KP  ),,,,,,,
,,EOSP,4-Jan-2025,,1.24,11.9,384.9,,Arrival .KP,25.1,117.5,9.9,7.3,6.1/1.2,40%,127.0
,,,,,,,,,,,,,,,,
,,FAOP,6-Jan-2025,,8.54,,375.6,,Out to Sea (KP→ RWS ),,,,,,,
,,EOSP,6-Jan-2025,,20.30,11.6,368.1,,Arrival .RWS,19.0,124.7,10.8,7.5,6.4/1.1,44%,128.0
 ,,,,,,,,,,,,,,,,
,,FAOP,10-Jan-2025,,20.00,,336.6,,Out to Sea ( RWS → KP  ),,,,,,,
,,EOSP,11-Jan-2025,,8.54,12.9,329.4,,Arrival .KP,28.0,114.7,8.9,7.2,6.0/1.2,36%,127.0
,,,,,,,,,,,,,,,,
,,FAOP,12-Jan-2025,,7.18,,324.8,,Out to Sea (KP→ RWS ),,,,,,,
,,EOSP,12-Jan-2025,,19.18,12.0,317.6,,Arrival .RWS,19.0,126.9,10.6,7.2,6.1/1.1,41%,127.0
 ,,,,,,,,,,,,,,,,
,,FAOP,13-Jan-2025,,15.00,,312.9,,Out to Sea ( RWS → KP  ),,,,,,,
,,EOSP,14-Jan-2025,,3.00,12.0,306.2,,Arrival .KP,25.2,116.3,9.7,6.7,5.6/1.1,34%,117.0
,,,,,,,,,,,,,,,,
,,FAOP,14-Jan-2025,,16.12,,303.5,,Out to Sea (KP→ RWS ),,,,,,,
,,EOSP,15-Jan-2025,,5.12,13.0,296.1,,Arrival .RWS,23.6,125.5,9.7,7.4,6.2/1.2,40%,119.0
 ,,,,,,,,,,,,,,,,
,,FAOP,18-Jan-2025,,23.00,,281.2,,Out to Sea ( RWS → KP  ),,,,,,,
,,EOSP,19-Jan-2025,,11.00,12.0,273.6,,Arrival .KP,26.5,116.7,9.7,7.6,6.5/1.1,39%,125.0
,,,,,,,,,,,,,,,,
,,FAOP,20-Jan-2025,,14.06,,268.3,,Out to Sea (KP→ RWS ),,,,,,,
,,EOSP,21-Jan-2025,,2.48,12.7,261.5,,Arrival .RWS,23.4,118.1,9.3,6.8,5.7/1.1,40%,117.0
 ,,,,,,,,,,,,,,,,
,,FAOP,22-Jan-2025,,1.30,,255.8,,Out to Sea ( RWS → KP  ),,,,,,,
,,EOSP,22-Jan-2025,,13.00,11.5,246.7,,Arrival .KP,30.7,112.8,9.8,9.1,8.0/1.1,52%,127.0
,,,,,,,,,,,,,,,,
,,FAOP,23-Jan-2025,,12.00,,242.1,,Out to Sea (KP→ RWS ),,,,,,,
,,EOSP,23-Jan-2025,,22.12,10.2,234.2,,Arrival .RWS,16.4,121.6,11.9,7.9,6.9/1.0,50%,134.0
 ,,,,,,,,,,,,,,,,
,,FAOP,25-Jan-2025,,6.48,,227.3,,Out to Sea ( RWS → KP  ),,,,,,,
,,EOSP,25-Jan-2025,,16.24,9.6,218.6,,Arrival .KP,21.0,116.2,12.1,8.7,7.8/0.9,57%,127.0
,,,,,,,,,,,,,,,,
,,FAOP,26-Jan-2025,,12.00,,216.4,,Out to Sea (KP→ RWS ),,,,,,,
,,EOSP,26-Jan-2025,,23.30,11.5,210.2,,Arrival .RWS,19.7,115.0,10.0,6.2,5.2/1.0,36%,117.0
 ,,,,,,,,,,,,,,,,
,,FAOP,28-Jan-2025,,0.24,,204.8,,Out to Sea ( RWS → KP  ),,,,,,,
,,EOSP,28-Jan-2025,,13.18,12.9,197.3,,Arrival .KP,23.0,115.3,8.9,7.5,6.4/1.1,42%,127.0
,,,,,,,,,,,,,,,,
,,FAOP,29-Jan-2025,,8.30,,193.1,,Out to Sea (KP→ RWS ),,,,,,,
,,EOSP,29-Jan-2025,,20.12,11.7,185.3,,Arrival .RWS,23.8,122.9,10.5,7.8,6.7/1.1,44%,127.0
 ,,,,,,,,,,,,,,,,
,,FAOP,31-Jan-2025,,1.54,,179.3,,Out to Sea ( RWS → KP  ),,,,,,,
,,EOSP,31-Jan-2025,,14.24,12.5,171.9,,Arrival .KP,28.4,115.5,9.2,8.4,7.3/1.1,43%,127.0
,,,,,,,,,,,,,,,,
,,FAOP,1-Feb-2025,,6.42,,168.2,,Out to Sea (KP→ RWS ),,,,,,,
,,EOSP,1-Feb-2025,,18.30,11.8,160.5,,Arrival .RWS,22.0,123.6,10.5,7.7,6.6 / 1.1/ 0,45%,126.5
 ,,,,,,,,,,,,,,,,
,,FAOP,3-Feb-2025,,3.30,,153.9,,Out to Sea ( RWS → KP  ),,,,,,,
,,EOSP,3-Feb-2025,,16.00,12.5,147.0,,Arrival .KP,27.0,116.3,9.3,6.9,5.8 / 1.1  ,42%,120.7
,,,,,,,,,,,,,,,,
,,FAOP,4-Feb-2025,,10.00,,143.5,,Out to Sea (KP→ RWS ),,,,,,,
,,EOSP,4-Feb-2025,,20.30,10.5,134.8,,Arrival .RWS,21.6,124.8,11.9,8.7,7.8 / 0.9  ,59%,142.0
 ,,,,,,,,,,,,,,,,
,,FAOP,5-Feb-2025,,20.30,,129.5,,Out to Sea ( RWS → KP  ),,,,,,,
,,EOSP,6-Feb-2025,,8.24,11.9,122.8,,Arrival .KP,30.9,106.7,9.0,6.7,5.7 / 1  ,44%,122.3
,,,,,,,,,,,,,,,,
,,FAOP,7-Feb-2025,,5.30,,118.8,,Out to Sea (KP→ RWS ),,,,,,,
,,EOSP,7-Feb-2025,,17.54,12.4,112.2,,Arrival .RWS,19.1,125.2,10.1,6.6,5.5  / 1.1  ,39%,117.1
,,,,,,,,,,,,,,,,
,,FAOP,8-Feb-2025,,23.00,,106.4,,Out to Sea ( RWS → KP  ),,,,,,,
,,EOSP,9-Feb-2025,,11.30,12.5,100.0,,Arrival .KP,31.7,106.0,8.5,6.4,5.3 /1.1  ,36%,116.9
,,,,,,,,,,,,,,,,
,,FAOP,10-Feb-2025,,10.12,,96.2,,Out to Sea (KP→ RWS ),,,,,,,
,,EOSP,10-Feb-2025,,23.24,13.2,89.2,,Arrival .RWS,23.7,124.7,9.4,7.0,5.8 / 1.2  ,38%,117.0
,,,,,,,,,,,,,,,,
,,FAOP,12-Feb-2025,,5.30,,83.8,,Out to Sea ( RWS → KP  ),,,,,,,
,,EOSP,12-Feb-2025,,18.24,12.9,76.7,,Arrival .KP,30.2,115.3,8.9,7.1,5.9 / 1.2  ,40%,121.0
,,,,,,,,,,,,,,,,
,,FAOP,13-Feb-2025,,23.30,,322.2,,Out to Sea (KP→ RWS ),,,,,,,
,,EOSP,14-Feb-2025,,11.42,12.2,315.5,,Arrival .RWS,18.6,124.9,10.2,6.7,5.6 / 1.1  ,38%,118.6
,,,,,,,,,,,,,,,,
,,FAOP,15-Feb-2025,,21.00,,309.2,,Out to Sea ( RWS → KP  ),,,,,,,
,,EOSP,16-Feb-2025,,10.30,13.5,302.3,,Arrival .KP,30.9,118.5,8.8,6.9,5.8 / 1.1  ,39%,119.6
,,,,,,,,,,,,,,,,
,,FAOP,17-Feb-2025,,20.30,,297.7,,Out to Sea (KP→ RWS ),,,,,,,
,,EOSP,18-Feb-2025,,9.00,12.5,291.3,,Arrival .RWS,17.5,129.9,10.4,6.4,5.4 / 1  ,38%,118.7
,,,,,,,,,,,,,,,,
,,FAOP,19-Feb-2025,,21.00,,285.3,,Out to Sea ( RWS → KP  ),,,,,,,
,,EOSP,20-Feb-2025,,10.30,13.5,278.6,,Arrival .KP,29.7,119.4,8.8,6.7,5.6 /1.1  ,39%,118.5
,,,,,,,,,,,,,,,,
,,FAOP,21-Feb-2025,,23.00,,273.9,,Out to Sea (KP→ RWS ),,,,,,,
,,EOSP,22-Feb-2025,,12.00,13.0,268.7,,Arrival .RWS,20.3,125.6,9.7,5.2,5.1 /1.1  ,36%,114.1
,,,,,,,,,,,,,,,,
,,FAOP,23-Feb-2025,,11.30,,262.8,,Out to Sea ( RWS → KP  ),,,,,,,
,,EOSP,24-Feb-2025,,0.12,12.7,255.9,,Arrival .KP,25.8,121.7,9.6,6.9,5.8 / 1.1  ,42%,122.0
,,,,,,,,,,,,,,,,
,,FAOP,24-Feb-2025,,19.00,,253.1,,Out to Sea (KP→ RWS ),,,,,,,
,,EOSP,25-Feb-2025,,9.00,14.0,245.8,,Arrival .RWS,29.1,125.0,8.9,7.3,6.1 /1.2  ,41%,118.6
,,,,,,,,,,,,,,,,
,,FAOP,27-Feb-2025,,18.30,,237.3,,Out to Sea ( RWS → KP  ),,,,,,,
,,EOSP,28-Feb-2025,,8.30,14.0,230.3,,Arrival .KP,27.8,126.9,9.1,7.0,5.9 / 1.1  ,40%,118.2
,,,,,,,,,,,,,,,,
,,FAOP,1-Mar-2025,,2.30,,227.6,,Out to Sea (KP→ RWS ),,,,,,,
,,EOSP,1-Mar-2025,,16.00,13.5,220.7,,Arrival .RWS,24.4,126.0,9.3,6.9,5.9 / 1  ,38%,116.3
,,,,,,,,,,,,,,,,
,,FAOP,2-Mar-2025,,14.00,,214.9,,Out to Sea ( RWS → KP  ),,,,,,,
,,EOSP,3-Mar-2025,,4.00,14.0,207.5,,Arrival .KP,30.8,121.5,8.7,7.4,6.3 / 1.1  ,39%,118.3
,,,,,,,,,,,,,,,,
,,FAOP,4-Mar-2025,,4.00,,203.8,,Out to Sea (KP→ RWS ),,,,,,,
,,EOSP,4-Mar-2025,,16.30,12.5,197.3,,Arrival .RWS,21.3,122.9,9.8,6.5,5.4 / 1.1  ,40%,118.2
 ,,,,,,,,,,,,,,,,
,,FAOP,6-Mar-2025,,17.30,,187.8,,Out to Sea ( RWS → KP  ),,,,,,,
,,EOSP,7-Mar-2025,,9.00,15.5,180.1,,Arrival .KP,34.2,125.6,8.1,7.7,6.3 / 1.4  ,36%,116.1
,,,,,,,,,,,,,,,,
,,FAOP,8-Mar-2025,,6.00,,176.9,,Out to Sea (KP→ RWS ),,,,,,,
,,EOSP,8-Mar-2025,,19.30,13.5,170.7,,Arrival .RWS,22.6,125.8,9.3,6.2,5 / 1.2  ,35%,115.3
 ,,,,,,,,,,,,,,,,
,,FAOP,9-Mar-2025,,18.30,,165.1,,Out to Sea ( RWS → KP  ),,,,,,,
,,EOSP,10-Mar-2025,,8.00,13.5,158.6,,Arrival .KP,30.2,116.1,8.6,6.5,5.5 / 1.1  ,36%,116.1
,,,,,,,,,,,,,,,,
,,FAOP,11-Mar-2025,,0.06,,155.6,,Out to Sea (KP→ RWS ),,,,,,,
,,EOSP,11-Mar-2025,,12.00,11.9,149.6,,Arrival .RWS,17.8,120.3,10.1,6.0,5.0 /1.0  ,36%,115.9
 ,,,,,,,,,,,,,,,,
,,FAOP,12-Mar-2025,,12.30,,143.8,,Out to Sea ( RWS → KP  ),,,,,,,
,,EOSP,13-Mar-2025,,2.00,13.5,136.8,,Arrival .KP,26.3,122.0,9.0,7.0,5.8 / 1.2  ,37%,115.6
,,,,,,,,,,,,,,,,
,,FAOP,13-Mar-2025,,17.30,,133.9,,Out to Sea (KP→ RWS ),,,,,,,
,,EOSP,14-Mar-2025,,7.00,13.5,126.7,,Arrival .RWS,25.4,124.2,9.2,7.2,6 / 1.2  ,38%,116.1
,,,,,,,,,,,,,,,,
,,FAOP,15-Mar-2025,,3.30,,121.6,,Out to Sea ( RWS → KP  ),,,,,,,
,,EOSP,15-Mar-2025,,16.30,13.0,113.8,,Arrival .KP,29.5,120.1,9.2,7.8,6.6 / 1.2  ,43%,124.0
,,,,,,,,,,,,,,,,
,,FAOP,18-Mar-2025,,5.00,,107.9,,Out to Sea (KP→ RWS ),,,,,,,
,,EOSP,18-Mar-2025,,18.30,13.5,100.1,,Arrival .RWS,21.7,133.8,9.9,7.8,6.5 / 1.3  ,40%,119.3
 ,,,,,,,,,,,,,,,,
,,FAOP,19-Mar-2025,,18.30,,95.0,,Out to Sea ( RWS → KP  ),,,,,,,
,,EOSP,20-Mar-2025,,9.00,14.5,87.5,,Arrival .KP,31.5,122.2,8.4,7.5,6.2 / 1.3  ,36%,116.0
,,,,,,,,,,,,,,,,
,,FAOP,21-Mar-2025,,12.00,,582.3,,Out to Sea (KP→ RWS ),,,,,,,
,,EOSP,22-Mar-2025,,0.30,12.5,575.6,,Arrival .RWS,19.1,124.7,10.0,6.7,5.5 / 1.2  ,38%,116.1
 ,,,,,,,,,,,,,,,,
,,FAOP,22-Mar-2025,,22.00,,570.0,,Out to Sea ( RWS → KP  ),,,,,,,
,,EOSP,23-Mar-2025,,12.00,14.0,562.8,,Arrival .KP,32.2,116.8,8.3,7.2,6 / 1.2  ,38%,116.0
,,,,,,,,,,,,,,,,
,,FAOP,24-Mar-2025,,23.00,,558.0,,Out to Sea (KP→ RWS ),,,,,,,
,,EOSP,25-Mar-2025,,17.00,18.0,548.4,,Arrival .RWS,40.2,130.5,7.3,9.6,7.9 / 1.7  ,45%,116.0
,,,,,,,,,,,,,,,,
,,FAOP,26-Mar-2025,,20.00,,541.2,,Out to Sea ( RWS → KP  ),,,,,,,
,,EOSP,27-Mar-2025,,10.00,14.0,534.0,,Arrival .KP,30.6,120.0,8.6,7.2,6.1 / 1.2  ,38%,116.5
,,,,,,,,,,,,,,,,
,,FAOP,28-Mar-2025,,3.30,,530.4,,Out to Sea (KP→ RWS ),,,,,,,
,,EOSP,28-Mar-2025,,17.00,13.5,523.4,,Arrival .RWS,22.0,126.6,9.4,7.0,5.8 /1.2  ,36%,115.3
,,,,,,,,,,,,,,,,
,,FAOP,29-Mar-2025,,19.30,,517.3,,Out to Sea ( RWS → KP  ),,,,,,,
,,EOSP,30-Mar-2025,,10.00,14.5,509.6,,Arrival .KP,31.0,123.4,8.5,7.7,6.4 / 1.3  ,38%,116.2
,,,,,,,,,,,,,,,,
,,FAOP,31-Mar-2025,,0.30,0.5,506.6,,Out to Sea (KP→ RWS ),,,,,,,
,,EOSP,31-Mar-2025,,13.30,13.0,499.6,,Arrival .RWS,20.7,128.5,9.9,7.0,5.8 / 1.2  ,38%,122.2
,,,,,,,,,,,,,,,,
,,FAOP,1-Apr-2025,,9.30,,494.0,,Out to Sea ( RWS → KP  ),,,,,,,
,,EOSP,1-Apr-2025,,22.30,13.0,487.1,,Arrival .KP,25.9,118.3,9.1,6.9,5.8 / 1.1  ,37%,115.9
,,,,,,,,,,,,,,,,
,,FAOP,3-Apr-2025,,20.30,,480.2,,Out to Sea (KP→ RWS ),,,,,,,
,,EOSP,4-Apr-2025,,10.00,13.5,473.1,,Arrival .RWS,22.5,129.0,9.6,7.1,5.9 / 1.2  ,38%,116.2
,,,,,,,,,,,,,,,,
,,FAOP,5-Apr-2025,,8.00,,467.7,,Out to Sea ( RWS → KP  ),,,,,,,
,,EOSP,5-Apr-2025,,21.00,13.0,460.7,,Arrival .KP,25.6,120.0,9.2,7.0,5.8 /1.2  ,40%,116.6
,,,,,,,,,,,,,,,,
,,FAOP,6-Apr-2025,,10.30,,458.2,,Out to Sea (KP→ RWS ),,,,,,,
,,EOSP,6-Apr-2025,,23.30,13.0,451.3,,Arrival .RWS,20.8,127.0,9.8,6.9,5.7 / 1.2  ,39%,116.0
,,,,,,,,,,,,,,,,
,,FAOP,7-Apr-2025,,23.00,,445.6,,Out to Sea ( RWS → KP  ),,,,,,,
,,EOSP,8-Apr-2025,,14.00,15.0,437.7,,Arrival .KP,30.2,128.9,8.6,7.9,6.5 / 1.4  ,39%,116.5
,,,,,,,,,,,,,,,,
,,FAOP,9-Apr-2025,,5.00,,435.1,,Out to Sea (KP→ RWS ),,,,,,,
,,EOSP,9-Apr-2025,,19.00,14.0,427.5,,Arrival .RWS,26.2,127.0,9.1,7.6,6.3 / 1.3  ,38%,115.9
,,,,,,,,,,,,,,,,
,,FAOP,11-Apr-2025,,2.30,,421.3,,Out to Sea ( RWS → KP  ),,,,,,,
,,EOSP,11-Apr-2025,,17.00,14.5,414.2,,Arrival .KP,28.0,123.0,8.5,7.1,5.7 /1.4  ,31%,113.0
,,,,,,,,,,,,,,,,
,,FAOP,12-Apr-2025,,10.00,,411.3,,Out to Sea (KP→ RWS ),,,,,,,
,,EOSP,12-Apr-2025,,22.30,12.5,404.6,,Arrival .RWS,17.7,126.8,10.1,6.7,5.5 / 1.2  ,38%,115.9
,,,,,,,,,,,,,,,,
,,FAOP,13-Apr-2025,,14.00,,400.0,,Out to Sea ( RWS → KP  ),,,,,,,
,,EOSP,14-Apr-2025,,3.30,13.5,392.7,,Arrival .KP,30.7,115.2,8.5,7.3,6 /1.3  ,38%,116.1
,,,,,,,,,,,,,,,,
,,FAOP,14-Apr-2025,,20.00,,389.2,,Out to Sea (KP→ RWS ),,,,,,,
,,EOSP,15-Apr-2025,,9.00,13.0,382.2,,Arrival .RWS,21.3,126.0,9.7,7.0,5.8 / 1.2 /0,38%,116.1
,,,,,,,,,,,,,,,,
,,FAOP,18-Apr-2025,,21.00,,369.0,,Out to Sea ( RWS → KP  ),,,,,,,
,,EOSP,19-Apr-2025,,11.30,14.5,361.2,,Arrival .KP,30.6,124.0,8.6,7.8,6.4 /1.4  ,38%,116.0
,,,,,,,,,,,,,,,,
,,FAOP,20-Apr-2025,,4.30,,357.8,,Out to Sea (KP→ RWS ),,,,,,,
,,EOSP,20-Apr-2025,,18.00,13.5,350.4,,Arrival .RWS,25.2,124.4,9.2,7.4,6.1 / 1.3  ,38%,116.0
,,,,,,,,,,,,,,,,
,,FAOP,22-Apr-2025,,21.30,,340.5,,Out to Sea ( RWS → KP  ),,,,,,,
,,EOSP,23-Apr-2025,,12.00,14.5,332.7,,Arrival .KP,32.8,120.5,8.3,7.8,6.4 / 1.4  ,39%,116.5
,,,,,,,,,,,,,,,,
,,FAOP,24-Apr-2025,,3.00,,329.7,,Out to Sea (KP→ RWS ),,,,,,,
,,EOSP,24-Apr-2025,,16.30,13.5,322.2,,Arrival .RWS,23.5,127.3,9.4,7.5,6.2 / 1.3  ,39%,116.5
,,,,,,,,,,,,,,,,
,,FAOP,26-Apr-2025,,5.00,,314.5,,Out to Sea ( RWS → KP  ),,,,,,,
,,EOSP,26-Apr-2025,,18.30,13.5,307.0,,Arrival .KP,27.3,121.0,9.0,7.5,6.2 / 1.3  ,38%,116.4
,,,,,,,,,,,,,,,,
,,FAOP,27-Apr-2025,,12.30,,303.3,,Out to Sea (KP→ RWS ),,,,,,,
,,EOSP,28-Apr-2025,,1.30,13.0,296.0,,Arrival .RWS,21.8,125.4,9.6,7.3,6 / 1.3  ,37%,116.2
,,,,,,,,,,,,,,,,
,,FAOP,2-May-2025,,15.30,,278.0,,Out to Sea ( RWS → CSC  ),,,,,,,
,,EOSP,3-May-2025,,5.30,14.0,270.4,,Arrival .KP,30.5,120.0,8.6,7.6,6.3 / 1.3  ,38%,116.2
,,,,,,,,,,,,,,,,
,,FAOP,3-May-2025,,21.30,,267.4,,Out to Sea (KP→ RWS ),,,,,,,
,,EOSP,4-May-2025,,11.00,13.5,259.9,,Arrival .RWS,23.6,127.2,9.4,7.5,6.2 / 1.3  ,38%,116.2
,,,,,,,,,,,,,,,,
,,FAOP,6-May-2025,,0.30,,251.8,,Out to Sea ( RWS → KP  ),,,,,,,
,,EOSP,6-May-2025,,14.30,14.0,244.2,,Arrival .KP,30.3,121.3,8.7,7.6,6.3 / 1.3  ,38%,116.3
,,,,,,,,,,,,,,,,
,,FAOP,7-May-2025,,23.30,,238.4,,Out to Sea (KP→ RWS ),,,,,,,
,,EOSP,8-May-2025,,15.00,15.5,229.5,,Arrival .RWS,34.6,125.2,8.1,8.9,7.5 / 1.4  ,40%,117.0
,,,,,,,,,,,,,,,,
,,FAOP,9-May-2025,,20.00,,222.4,,Out to Sea ( RWS → KP  ),,,,,,,
,,EOSP,10-May-2025,,10.00,14.0,214.6,,Arrival .KP,28.8,123.1,8.8,7.8,6.6 / 1.2  ,38%,116.3
,,,,,,,,,,,,,,,,
,,FAOP,11-May-2025,,2.00,,211.5,,Out to Sea (KP→ RWS ),,,,,,,
,,EOSP,11-May-2025,,15.00,13.0,204.2,,Arrival .RWS,22.2,125.0,9.6,7.3,6.1 / 1.2  ,37%,116.4
,,,,,,,,,,,,,,,,
,,FAOP,15-May-2025,,15.00,,176.5,,Out to Sea (KP→ RWS ),,,,,,,
,,EOSP,16-May-2025,,2.00,11.0,170.1,,Arrival .RWS,14.1,124.2,11.3,6.4,5.3 / 1.1  ,37%,123.8
,,,,,,,,,,,,,,,,
,,FAOP,20-May-2025,,9.00,2.3,151.8,,Out to Sea ( RWS → KP  ),,,,,,,
,,EOSP,20-May-2025,,19.30,10.5,145.9,,Arrival .KP,17.7,116.0,11.0,5.9,4.9 / 1.0  ,42%,129.0
,,,,,,,,,,,,,,,,
,,FAOP,21-May-2025,,20.30,2.3,141.2,,Out to Sea (KP→ RWS ),,,,,,,
,,EOSP,22-May-2025,,9.00,12.5,134.2,,Arrival .RWS,21.5,125.3,10.0,7.0,5.8 / 1.2  ,41%,120.3
,,,,,,,,,,,,,,,,
,,FAOP,23-May-2025,,12.30,,127.7,,Out to Sea ( RWS → KP  ),,,,,,,
,,EOSP,24-May-2025,,1.00,12.5,120.7,,Arrival .KP,24.4,121.0,9.7,7.0,5.8 / 1.2  ,40%,120.7
,,,,,,,,,,,,,,,,
,,FAOP,25-May-2025,,18.30,,113.0,,Out to Sea (KP→ RWS ),,,,,,,
,,EOSP,26-May-2025,,5.30,11.0,106.6,,Arrival .RWS,16.0,120.0,10.9,6.4,5.4 / 1  ,40%,122.3
,,,,,,,,,,,,,,,,
,,FAOP,27-May-2025,,12.30,,99.5,,Out to Sea ( RWS → KP  ),,,,,,,
,,EOSP,28-May-2025,,1.00,12.5,92.5,,Arrival .KP,25.3,121.8,9.7,7.0,5.8 /1.2  ,41%,122.9
,,,,,,,,,,,,,,,,
,,FAOP,29-May-2025,,12.30,,565.8,,Out to Sea (KP→ RWS ),,,,,,,
,,EOSP,29-May-2025,,22.30,10.0,560.1,,Arrival .RWS,14.7,112.9,11.3,5.7,4.8 / 0.9  ,41%,124.6
,,,,,,,,,,,,,,,,
,,FAOP,30-May-2025,,20.00,,554.1,,Out to Sea ( RWS → KP  ),,,,,,,
,,EOSP,31-May-2025,,8.30,12.5,546.7,,Arrival .KP,24.7,122.3,9.8,7.4,6.2 / 1.2  ,43%,122.3
,,,,,,,,,,,,,,,,
,,FAOP,1-Jun-2025,,23.30,,539.7,,Out to Sea (KP CMA → RWS ),,,,,,,
,,EOSP,2-Jun-2025,,11.30,12.0,532.9,,Arrival .RWS,18.3,127.3,10.6,6.8,5.7 / 1.1  ,43%,122.4
,,,,,,,,,,,,,,,,
,,FAOP,4-Jun-2025,,7.00,,523.5,,Out to Sea ( RWS → KP  ),,,,,,,
,,EOSP,4-Jun-2025,,19.00,12.0,516.2,,Arrival .KP,24.5,120.7,10.1,7.3,6.1 / 1.2  ,46%,127.1
,,,,,,,,,,,,,,,,
,,FAOP,5-Jun-2025,,12.12,,512.5,,Out to Sea (KP CMA → RWS ),,,,,,,
,,EOSP,6-Jun-2025,,0.12,12.0,505.6,,Arrival .RWS,20.8,126.5,10.5,6.9,5.8 / 1.1  ,45%,125.4
,,,,,,,,,,,,,,,,
,,FAOP,7-Jun-2025,,2.00,,498.6,,Out to Sea ( RWS → KP  ),,,,,,,
,,EOSP,7-Jun-2025,,13.00,11.0,492.2,,Arrival .KP,22.1,111.5,10.1,6.4,5.3 / 1.1  ,43%,122.2
,,,,,,,,,,,,,,,,
,,FAOP,8-Jun-2025,,12.12,,486.9,,Out to Sea (KP CSC → RWS ),,,,,,,
,,EOSP,9-Jun-2025,,0.12,12.0,480.2,,Arrival .RWS,17.6,127.5,10.6,6.7,5.6 / 1.1  ,42%,121.5
,,,,,,,,,,,,,,,,
,,FAOP,10-Jun-2025,,1.00,,473.1,,Out to Sea ( RWS → KP  ),,,,,,,
,,EOSP,10-Jun-2025,,12.30,11.5,466.4,,Arrival .KP,24.4,116.2,10.1,6.7,5.5 / 1.2  ,44%,125.6
,,,,,,,,,,,,,,,,
,,FAOP,11-Jun-2025,,12.00,,460.9,,Out to Sea (KP CMA → RWS ),,,,,,,
,,EOSP,11-Jun-2025,,23.12,11.2,455.3,,Arrival .RWS,15.2,122.7,11.0,5.6,4.5/1.1 ,40%,121.7
,,,,,,,,,,,,,,,,
,,FAOP,12-Jun-2025,,21.00,,449.3,,Out to Sea ( RWS → KP  ),,,,,,,
,,EOSP,13-Jun-2025,,9.30,12.5,443.1,,Arrival .KP,26.2,120.8,9.7,6.2,5.4/0.8 ,42%,123.3
,,,,,,,,,,,,,,,,
,,FAOP,14-Jun-2025,,4.00,,438.9,,Out to Sea (KP  → RWS ),,,,,,,
,,EOSP,14-Jun-2025,,15.30,11.5,432.7,,Arrival .RWS,15.0,122.0,10.6,6.2,5.1/1.1 ,40%,122.0
,,,,,,,,,,,,,,,,
,,FAOP,16-Jun-2025,,7.00,,423.8,,Out to Sea ( RWS → KP  ),,,,,,,
,,EOSP,16-Jun-2025,,18.00,11.0,417.9,,Arrival .KP,22.0,110.5,10.0,5.9,4.8/1.1 ,44%,122.5
,,,,,,,,,,,,,,,,
,,FAOP,17-Jun-2025,,12.00,,413.8,,Out to Sea (KP  → RWS ),,,,,,,
,,EOSP,17-Jun-2025,,23.48,11.8,406.2,,Arrival .RWS,17.8,126.4,10.7,7.6,6.4/1.2 ,42%,122.8
,,,,,,,,,,,,,,,,
,,FAOP,19-Jun-2025,,1.00,,399.3,,Out to Sea ( RWS → KP  ),,,,,,,
,,EOSP,19-Jun-2025,,13.06,12.1,392.7,,Arrival .KP,22.0,119.0,9.8,6.6,5.4/1.2 ,44%,122.8
,,,,,,,,,,,,,,,,
,,FAOP,20-Jun-2025,,4.18,,389.3,,Out to Sea (KP  → RWS ),,,,,,,
,,EOSP,20-Jun-2025,,16.30,12.2,382.3,,Arrival .RWS,16.0,123.8,10.1,7.0,5.7/1.3 ,42%,121.9
,,FAOP,21-Jun-2025,,18.00,,375.9,,Out to Sea ( RWS → KP  ),,,,,,,
,,EOSP,22-Jun-2025,,7.00,13.0,369.1,,Arrival .KP,26.0,120.0,9.2,6.8,5.4/1.4 ,40%,117.0
,,,,,,,,,,,,,,,,
,,FAOP,23-Jun-2025,,3.48,,364.8,,Out to Sea (KP  → RWS ),,,,,,,
,,EOSP,23-Jun-2025,,15.42,11.9,357.3,,Arrival .RWS,14.0,126.0,10.6,7.5,6.3/1.2 ,45%,124.0
,,FAOP,24-Jun-2025,,21.24,,350.0,,Out to Sea ( RWS → KP  ),,,,,,,
,,EOSP,25-Jun-2025,,9.42,12.3,343.5,,Arrival .KP,22.4,124.0,10.1,6.5,5.2/1.3 ,45%,122.4
,,,,,,,,,,,,,,,,
,,FAOP,26-Jun-2025,,9.00,,338.7,,Out to Sea (KP  → RWS ),,,,,,,
,,EOSP,26-Jun-2025,,19.48,10.8,332.5,,Arrival .RWS,14.7,116.8,10.8,6.2,5.1/1.2 ,41%,122.9
,,FAOP,27-Jun-2025,,16.12,,327.0,,Out to Sea ( RWS → KP  ),,,,,,,
,,EOSP,28-Jun-2025,,5.12,13.0,320.5,,Arrival .KP,22.8,114.0,8.8,6.5,5.1/1.4 ,38%,116.0
,,,,,,,,,,,,,,,,
,,FAOP,28-Jun-2025,,19.24,,316.4,,Out to Sea (KP  → RWS ),,,,,,,
,,EOSP,29-Jun-2025,,8.06,12.7,310.1,,Arrival .RWS,21.6,123.0,9.7,6.3,4.9/1.4 ,38%,116.3
,,FAOP,30-Jun-2025,,8.12,,304.5,,Out to Sea ( RWS → KP  ),,,,,,,
,,EOSP,30-Jun-2025,,20.12,12.0,297.9,,Arrival .KP,24.0,121.0,10.1,6.6,5.4/1.2 ,38%,123.0
,,,,,,,,,,,,,,,,
,,FAOP,1-Jul-2025,,13.12,,294.5,,Out to Sea (KP  → RWS ),,,,,,,
,,EOSP,2-Jul-2025,,0.30,11.3,288.5,,Arrival .RWS,18.7,119.0,10.5,6.0,4.8/1.2 ,42%,122.0
,,FAOP,3-Jul-2025,,3.00,,282.2,,Out to Sea ( RWS → KP  ),,,,,,,
,,EOSP,3-Jul-2025,,15.18,12.3,275.6,,Arrival .KP,23.1,123.0,10.0,6.6,5.4/1.2 ,45%,123.0
,,FAOP,4-Jul-2025,,20.30,,269.7,,Out to Sea ( KP →RWS ),,,,,,,
,,EOSP,5-Jul-2025,,8.30,12.0,263.2,,Arrival .KP,24.3,118.0,9.8,6.5,5.3/1.2 ,40%,122.4
,,FAOP,6-Jul-2025,,14.12,,256.2,,Out to Sea ( RWS → KP  ),,,,,,,
,,EOSP,7-Jul-2025,,3.30,13.3,248.9,,Arrival .KP,29.6,122.0,9.2,7.3,5.5/1.3 ,45%,122.8
,,FAOP,7-Jul-2025,,19.42,,245.4,,Out to Sea ( KP → RWS  ),,,,,,,
,,EOSP,8-Jul-2025,,8.00,12.3,238.7,,Arrival .RWS,23.9,123.0,10.0,6.7,5.5/1.2 ,42%,123.0
,,FAOP,10-Jul-2025,,13.12,,229.2,,Out to Sea ( RWS → KP  ),,,,,,,
,,EOSP,11-Jul-2025,,2.12,13.0,222.2,,Arrival .KP,28.9,120.0,9.2,7.0,5.7/1.3 ,44%,122.3
,,FAOP,12-Jul-2025,,4.30,,215.6,,Out to Sea (kp → RWS  ),,,,,,,
,,EOSP,12-Jul-2025,,16.12,11.7,209.4,,Arrival .RWS,16.5,124.0,10.6,6.2,5.0/1.2 ,40%,123.0
,,FAOP,13-Jul-2025,,12.42,,204.5,,Out to Sea ( RWS → KP  ),,,,,,,
,,EOSP,14-Jul-2025,,2.42,14.0,196.5,,Arrival .KP,30.9,126.0,9.0,8.0,6.2/1.5 ,41%,122.8
,,FAOP,16-Jul-2025,,10.30,,180.5,,Out to Sea ( RWS → KP  ),,,,,,,
,,EOSP,16-Jul-2025,,23.42,13.2,173.3,,Arrival .KP,27.0,126.0,9.5,7.2,5.9/1.3 ,41%,122.0
,,FAOP,18-Jul-2025,,23.18,,158.9,,Out to Sea ( RWS → KP  ),,,,,,,
,,EOSP,19-Jul-2025,,12.00,12.7,152.7,,Arrival .KP,24.1,119.0,9.4,6.2,4.9/1.3 ,38%,116.0
,,FAOP,20-Jul-2025,,17.42,,148.2,,Out to Sea ( KP →RWS  ),,,,,,,
,,EOSP,21-Jul-2025,,6.18,12.6,142.2,,Arrival .RWS,21.0,123.0,9.8,6.0,5.0/1.0 ,35%,116.0
,,FAOP,22-Jul-2025,,21.42,,133.6,,Out to Sea ( RWS → KP  ),,,,,,,
,,EOSP,23-Jul-2025,,9.42,12.0,127.0,,Arrival .KP,22.9,120.0,10.0,6.6,5.4/1.2 ,41%,122.0
,,FAOP,24-Jul-2025,,1.00,,123.6,,Out to Sea ( KP → RWS  ),,,,,,,
,,EOSP,24-Jul-2025,,13.18,12.3,117.0,,Arrival RWS,18.0,121.0,9.8,6.6,5.5/1.1 ,45%,120.0
,,FAOP,25-Jul-2025,,14.48,,111.1,,Out to Sea ( RWS → KP  ),,,,,,,
,,EOSP,26-Jul-2025,,4.18,13.5,103.9,,Arrival .KP,31.4,118.0,8.7,7.2,5.8/1.4 ,44%,120.0
,,FAOP,27-Jul-2025,,9.12,,97.4,,Out to Sea (KP→ RWS  ),,,,,,,
,,EOSP,27-Jul-2025,,21.12,12.0,90.3,,Arrival .RWS,19.0,122.0,10.2,7.1,5.9/1.2 ,46%,121.5
,,FAOP,28-Jul-2025,,19.00,,84.4,,Out to Sea ( RWS → KP  ),,,,,,,
,,EOSP,29-Jul-2025,,9.42,14.7,76.8,,Arrival .KP,29.0,120.0,8.2,7.5,6.0/1.5,40%,117.0
,,FAOP,30-Jul-2025,,17.00,,564.9,,Out to Sea ( KP →RWS  ),,,,,,,
,,EOSP,31-Jul-2025,,5.42,12.7,558.0,,Arrival .RWS,22.8,121.0,9.5,6.9,5.5/1.4 ,39%,116.0
,,FAOP,1-Aug-2025,,23.00,,548.3,,Out to Sea ( RWS → KP  ),,,,,,,
,,EOSP,2-Aug-2025,,12.00,13.0,541.1,,Arrival .KP,27.6,117.0,9.0,7.2,5.8/1.4 ,40%,117.0
,,,,,,,,,,,,,,,,
,,FAOP,3-Aug-2025,,11.18,,536.2,,Out to Sea (KP  → RWS ),,,,,,,
,,EOSP,3-Aug-2025,,23.48,12.5,529.1,,Arrival .RWS,18.6,131.0,10.5,7.1,5.8/1.3 ,39%,121.6
,,FAOP,5-Aug-2025,,0.30,,522.4,,Out to Sea ( RWS → KP  ),,,,,,,
,,EOSP,5-Aug-2025,,13.06,12.6,514.9,,Arrival .KP,25.0,113.0,9.0,7.5,6.2/1.3 ,40%,123.0
,,,,,,,,,,,,,,,,
,,FAOP,6-Aug-2025,,7.42,,510.8,,Out to Sea (KP  → RWS ),,,,,,,
,,EOSP,6-Aug-2025,,19.42,12.0,504.3,,Arrival .RWS,22.0,127.0,10.6,6.5,5.2/1.3 ,41%,123.4
,,FAOP,7-Aug-2025,,21.00,,497.4,,Out to Sea ( RWS → KP  ),,,,,,,
,,EOSP,8-Aug-2025,,10.18,13.3,490.7,,Arrival .KP,27.0,121.0,9.1,6.7,5.2/1.5 ,42%,117.7
,,FAOP,9-Aug-2025,,13.12,,485.0,,Out to Sea (KP  → RWS ),,,,,,,
,,EOSP,10-Aug-2025,,1.42,12.5,477.5,,Arrival .RWS,25.4,121.0,9.7,7.5,6.2/1.3 ,40%,122.2
,,FAOP,11-Aug-2025,,21.00,,467.1,,Out to Sea ( RWS → KP  ),,,,,,,
,,EOSP,12-Aug-2025,,10.00,13.0,459.2,,Arrival .KP,27.5,122.0,9.4,7.9,6.2/1.4 ,43%,121.9
,,,,,,,,,,,,,,,,
,,FAOP,13-Aug-2025,,2.18,,455.4,,Out to Sea (KP  → RWS ),,,,,,,
,,EOSP,13-Aug-2025,,14.42,12.4,448.5,,Arrival .RWS,22.9,122.0,9.8,6.9,5.5/1.4 ,37%,122.0
,,FAOP,17-Aug-2025,,9.12,,429.0,,Out to Sea ( RWS → KP  ),,,,,,,
,,EOSP,17-Aug-2025,,22.00,12.8,422.0,,Arrival .KP,27.0,119.0,9.3,7.0,5.7/1.3 ,41%,122.0
,,,,,,,,,,,,,,,,
,,FAOP,19-Aug-2025,,4.12,,416.1,,Out to Sea (KP  → RWS ),,,,,,,
,,EOSP,19-Aug-2025,,17.00,12.8,409.1,,Arrival .RWS,18.7,133.0,10.4,7.0,5.6/1.4 ,43%,122.0
,,FAOP,20-Aug-2025,,21.00,,402.3,,Out to Sea ( RWS → KP  ),,,,,,,
,,EOSP,21-Aug-2025,,10.30,13.5,395.4,,Arrival .KP,27.2,123.0,9.1,6.9,5.3/1.6 ,40%,117.0
,,,,,,,,,,,,,,,,
,,FAOP,22-Aug-2025,,7.48,,390.8,,Out to Sea (KP  → RWS ),,,,,,,
,,EOSP,22-Aug-2025,,20.00,12.2,383.4,,Arrival .RWS,20.0,124.0,10.2,7.4,6/1.4 ,38%,122.0
,,FAOP,23-Aug-2025,,18.42,,376.7,,Out to Sea ( RWS → KP  ),,,,,,,
,,EOSP,24-Aug-2025,,7.30,12.8,369.1,,Arrival .KP,26.2,117.0,9.1,7.6,6.1/1.5 ,41%,116.7
,,,,,,,,,,,,,,,,
,,FAOP,25-Aug-2025,,2.42,,364.4,,Out to Sea (KP  → RWS ),,,,,,,
,,EOSP,25-Aug-2025,,15.48,13.1,355.4,,Arrival .RWS,20.0,133.0,10.2,9.0,7.6/1.4 ,43%,123.5
,,FAOP,26-Aug-2025,,10.48,,349.3,,Out to Sea ( RWS → KP  ),,,,,,,
,,EOSP,26-Aug-2025,,23.30,12.7,341.1,,Arrival .KP,28.0,122.0,9.6,8.2,6.8/1.4 ,44%,125.0
,,,,,,,,,,,,,,,,
,,FAOP,27-Aug-2025,,15.48,,337.1,,Out to Sea (KP  → RWS ),,,,,,,
,,EOSP,28-Aug-2025,,4.36,12.8,330.1,,Arrival .RWS,20.0,127.0,9.9,7.0,5.5/1.5 ,40%,116.0
,,FAOP,29-Aug-2025,,2.30,,323.2,,Out to Sea ( RWS → KP  ),,,,,,,
,,EOSP,29-Aug-2025,,15.42,13.2,314.7,,Arrival .KP,25.0,126.0,9.5,8.5,7.1/1.4 ,48%,122.7
,,,,,,,,,,,,,,,,
,,FAOP,30-Aug-2025,,11.00,,310.4,,Out to Sea (KP  → RWS ),,,,,,,
,,EOSP,30-Aug-2025,,23.54,12.9,302.3,,Arrival .RWS,21.0,130.0,10.1,8.1,6.7/1.4 ,48%,122.0
,,FAOP,2-Sep-2025,,10.54,,288.2,,Out to Sea ( RWS → KP  ),,,,,,,
,,EOSP,2-Sep-2025,,23.06,,280.4,,Arrival .KP,29.0,115.0,9.3,7.8,6.5/1.3 ,45%,122.0
,,FAOP,4-Sep-2025,,6.00,,273.8,,Out to Sea (KP  → RWS ),,,,,,,
,,EOSP,4-Sep-2025,,18.30,12.5,265.8,,Arrival .RWS,17.0,134.0,10.7,8.0,6.7/1.3 ,40%,134.0
,,FAOP,5-Sep-2025,,23.00,,258.3,,Out to Sea ( RWS → KP  ),,,,,,,
,,EOSP,6-Sep-2025,,12.00,13.0,250.4,,Arrival .KP,24.0,124.0,9.5,7.9,6.5/1.4 ,45%,120.0
,,,,,,,,,,,,,,,,
,,FAOP,7-Sep-2025,,1.30,,247.1,,Out to Sea (KP  → RWS ),,,,,,,
,,EOSP,7-Sep-2025,,14.54,13.4,238.7,,Arrival .RWS,23.9,133.0,9.9,8.4,7.0/1.4 ,40%,122.0
,,FAOP,8-Sep-2025,,11.19,,232.3,,Out to Sea ( RWS → KP  ),,,,,,,
,,EOSP,9-Sep-2025,,0.24,13.1,225.0,,Arrival .KP,27.0,123.0,9.4,7.3,5.8/1.5 ,45%,122.0
,,,,,,,,,,,,,,,,
,,FAOP,9-Sep-2025,,21.18,,219.5,,Out to Sea (KP  → RWS ),,,,,,,
,,EOSP,10-Sep-2025,,9.24,12.1,212.0,,Arrival .RWS,20.5,125.0,10.3,7.5,6.2/1.3 ,38%,122.5
,,FAOP,12-Sep-2025,,5.42,,200.6,,Out to Sea ( RWS → KP  ),,,,,,,
,,EOSP,13-Sep-2025,,18.30,36.8,192.7,,Arrival .KP,28.0,120.0,3.3,7.9,6.5/1.4 ,40%,122.0
,,,,,,,,,,,,,,,,
,,FAOP,13-Sep-2025,,12.48,,188.2,,Out to Sea (KP  → RWS ),,,,,,,
,,EOSP,14-Sep-2025,,1.12,12.4,181.0,,Arrival .RWS,21.2,126.0,10.2,7.2,5.8/1.4 ,39%,121.6
,,FAOP,16-Sep-2025,,2.30,,168.9,,Out to Sea ( RWS → KP  ),,,,,,,
,,EOSP,16-Sep-2025,,15.42,13.2,159.9,,Arrival .KP,25.0,126.0,9.5,8.8,7.3/1.5,45%,122.5
,,,,,,,,,,,,,,,,
,,FAOP,17-Sep-2025,,7.30,,155.8,,Out to Sea (KP  → RWS ),,,,,,,
,,EOSP,17-Sep-2025,,19.30,12.0,147.4,,Arrival .RWS,20.0,131.0,10.9,8.4,7.1/1.3 ,50%,130.0
,,FAOP,18-Sep-2025,,20.24,,140.2,,Out to Sea ( RWS → KP  ),,,,,,,
,,EOSP,19-Sep-2025,,9.00,12.6,133.3,,Arrival .KP,24.8,121.0,9.6,6.9,5.5/1.4 ,41%,120.4
,,,,,,,,,,,,,,,,
,,FAOP,20-Sep-2025,,7.12,,127.8,,Out to Sea (KP  → RWS ),,,,,,,
,,EOSP,20-Sep-2025,,19.12,12.0,120.3,,Arrival .RWS,20.0,127.0,10.6,7.5,6.2/1.3 ,38%,122.5
,,FAOP,22-Sep-2025,,1.00,,111.4,,Out to Sea ( RWS → KP  ),,,,,,,
,,EOSP,22-Sep-2025,,13.48,12.8,104.0,,Arrival .KP,25.0,120.0,9.4,7.4,6.5/0.9 ,41%,120.0
,,,,,,,,,,,,,,,,
,,FAOP,23-Sep-2025,,4.18,,100.5,,Out to Sea (KP  → RWS ),,,,,,,
,,EOSP,23-Sep-2025,,16.48,12.5,93.3,,Arrival .RWS,20.0,129.0,10.3,7.2,5.8/1.4 ,38%,122.7
,,FAOP,25-Sep-2025,,20.00,,80.1,,Out to Sea ( RWS → KP  ),,,,,,,
,,EOSP,26-Sep-2025,,9.18,13.3,72.5,,Arrival .KP,28.5,124.0,9.3,7.6,6.2/1.4 ,41%,122.8
,,,,,,,,,,,,,,,,
,,FAOP,26-Sep-2025,,1.30,,68.0,,Out to Sea (KP  → RWS ),,,,,,,
,,EOSP,26-Sep-2025,,13.30,12.0,61.2,,Arrival .RWS,23.0,127.0,10.6,6.8,5.3/1.7 ,39%,122.0
,,FAOP,28-Sep-2025,,20.06,,52.8,,Out to Sea ( RWS → KP  ),,,,,,,
,,EOSP,29-Sep-2025,,8.36,12.5,45.6,,Arrival .KP,25.2,122.0,9.8,7.2,5.7/1.5 ,42%,122.8
,,,,,,,,,,,,,,,,
,,FAOP,30-Sep-2025,,8.30,,339.2,,Out to Sea (KP  → RWS ),,,,,,,
,,EOSP,30-Sep-2025,,21.06,12.6,332.0,,Arrival .RWS,23.0,126.0,10.0,7.2,5.7/1.5 ,38%,122.2
,,FAOP,2-Oct-2025,,4.00,,323.6,,Out to Sea ( RWS → KP  ),,,,,,,
,,EOSP,2-Oct-2025,,17.00,13.0,316.2,,Arrival .KP,28.0,123.0,9.5,7.4,6.0/1.4 ,44%,125.7
,,,,,,,,,,,,,,,,
,,FAOP,3-Oct-2025,,21.48,,309.9,,Out to Sea (KP  → RWS ),,,,,,,
,,EOSP,4-Oct-2025,,10.30,12.7,302.6,,Arrival .RWS,23.6,126.0,9.9,7.3,6.0/1.3 ,42%,122.4
,,FAOP,5-Oct-2025,,7.12,,296.2,,Out to Sea ( RWS → KP  ),,,,,,,
,,EOSP,5-Oct-2025,,20.30,13.3,288.6,,Arrival .KP,29.0,123.0,9.2,7.6,6.2/1.4 ,46%,122.5
,,FAOP,6-Jan-2025,,9.42,,284.8,,Out to Sea (KP  → RWS ),,,,,,,
,,EOSP,6-Oct-2025,,21.54,12.2,278.0,,Arrival .RWS,19.0,127.0,10.4,6.8,5.6/1.2 ,42%,122.0
,,FAOP,8-Oct-2025,,16.30,,268.0,,Out to Sea ( RWS → KP  ),,,,,,,
,,EOSP,9-Oct-2025,,5.42,13.2,260.7,,Arrival .KP,28.0,122.0,9.2,7.3,5.9/1.4,40%,120.9
,,FAOP,9-Oct-2025,,23.42,,256.4,,Out to Sea (KP  → RWS ),,,,,,,
,,EOSP,10-Oct-2025,,12.24,12.7,249.1,,Arrival .RWS,22.0,134.0,10.6,7.3,6.0/1.3 ,42%,122.4
,,FAOP,11-Oct-2025,,9.12,,242.7,,Out to Sea ( RWS → KP  ),,,,,,,
,,EOSP,11-Oct-2025,,22.54,13.7,235.0,,Arrival .KP,27.0,129.0,9.4,7.7,6.3/1.4 ,44%,122.0
,,FAOP,12-Oct-2025,,13.24,,231.2,,Out to Sea (KP  → RWS ),,,,,,,
,,EOSP,13-Oct-2025,,1.18,11.9,224.5,,Arrival .RWS,20.5,123.0,10.3,6.7,5.9/1.5 ,42%,122.5
,,FAOP,14-Oct-2025,,18.18,,214.9,,Out to Sea ( RWS → KP  ),,,,,,,
,,EOSP,15-Oct-2025,,7.00,12.7,207.6,,Arrival .KP,26.2,122.0,9.6,7.3,6.0/1.3 ,44%,122.7
,,FAOP,16-Oct-2025,,20.30,,200.0,,Out to Sea (KP  → RWS ),,,,,,,
,,EOSP,17-Oct-2025,,9.30,13.0,192.7,,Arrival .RWS,20.9,133.0,10.2,7.3,5.9/1.4 ,42%,121.8
,,FAOP,18-Oct-2025,,8.12,,186.1,,Out to Sea ( RWS → KP  ),,,,,,,
,,EOSP,18-Oct-2025,,21.12,13.0,178.7,,Arrival .KP,27.0,122.0,9.4,7.4,6.0/1.4 ,44%,122.0
,,FAOP,19-Oct-2025,,15.00,,174.7,,Out to Sea (KP  → RWS ),,,,,,,
,,EOSP,20-Oct-2025,,3.36,12.6,167.5,,Arrival .RWS,21.8,128.0,10.2,7.2,5.8/1.4 ,42%,122.4
,,FAOP,21-Oct-2025,,18.30,,158.4,,Out to Sea ( RWS → KP  ),,,,,,,
,,EOSP,22-Oct-2025,,7.18,12.8,151.0,,Arrival .KP,25.7,123.0,9.6,7.4,6.0/1.4 ,44%,123.0
,,FAOP,22-Oct-2025,,21.30,,147.5,,Out to Sea (KP  → RWS ),,,,,,,
,,EOSP,23-Oct-2025,,9.42,12.2,140.7,,Arrival .RWS,19.3,127.0,10.4,6.8,5.5/1.3 ,42%,127.0
,,FAOP,24-Oct-2025,,4.30,,135.3,,Out to Sea ( RWS → KP  ),,,,,,,
,,EOSP,24-Oct-2025,,18.30,14.0,127.5,,Arrival .KP,30.0,126.0,9.0,7.8,6.3/1.5 ,45%,122.0
,,FAOP,25-Oct-2025,,17.48,,122.1,,Out to Sea (KP  → RWS ),,,,,,,
,,EOSP,26-Oct-2025,,6.30,12.7,115.0,,Arrival .RWS,22.0,128.0,10.1,7.1,5.8/1.3 ,42%,121.7
,,FAOP,27-Oct-2025,,6.48,,108.1,,Out to Sea ( RWS → KP  ),,,,,,,
,,EOSP,27-Oct-2025,,20.00,13.2,100.3,,Arrival .KP,30.0,119.0,9.0,7.8,6.4/1.4 ,46%,121.8
,,FAOP,28-Oct-2025,,19.30,,94.5,,Out to Sea (KP  → RWS ),,,,,,,
,,EOSP,29-Oct-2025,,8.06,12.6,87.1,,Arrival .RWS,22.8,126.0,10.0,7.4,6.1/1.3 ,44%,122.1
,,FAOP,30-Oct-2025,,4.18,,80.5,,Out to Sea ( RWS → KP  ),,,,,,,
,,EOSP,30-Oct-2025,,17.36,13.3,72.6,,Arrival .KP,28.0,124.0,9.3,7.9,6.5/1.4 ,46%,122.5
,,FAOP,31-Oct-2025,,18.30,,548.3,,Out to Sea (KP  → RWS ),,,,,,,
,,EOSP,1-Nov-2025,,6.12,11.7,541.1,,Arrival .RWS,21.7,119.0,10.2,7.2,6.0/1.2 ,45%,122.4
,,FAOP,2-Nov-2025,,6.30,,533.9,,Out to Sea ( RWS → KP  ),,,,,,,
,,EOSP,2-Nov-2025,,19.00,12.5,526.4,,Arrival .KP,28.0,116.0,9.3,7.5,6.0/1.5 ,46%,122.0
,,FAOP,3-Nov-2025,,17.00,,520.8,,Out to Sea (KP  → RWS ),,,,,,,
,,EOSP,4-Nov-2025,,6.00,13.0,513.2,,Arrival .RWS,23.9,128.0,9.8,7.6,6.3/1.3 ,44%,122.0
,,FAOP,5-Nov-2025,,0.30,,507.0,,Out to Sea ( RWS → KP  ),,,,,,,
,,EOSP,5-Nov-2025,,14.00,13.5,498.7,,Arrival .KP,33.0,121.4,9.0,8.3,6.8/1.5 ,50%,125.5
,,FAOP,6-Nov-2025,,7.00,,494.4,,Out to Sea (KP  → RWS ),,,,,,,
,,EOSP,6-Nov-2025,,19.00,12.0,487.2,,Arrival .RWS,21.0,126.0,10.5,7.2,5.9/1.3 ,42%,122.0
,,FAOP,9-Nov-2025,,2.30,,474.3,,Out to Sea ( RWS → KP  ),,,,,,,
,,EOSP,9-Nov-2025,,15.30,13.0,466.4,,Arrival .KP,30.0,120.0,9.2,7.9,6.5/1.5 ,50%,125.1
,,FAOP,10-Nov-2025,,10.00,,461.4,,Out to Sea (KP  → RWS ),,,,,,,
,,EOSP,10-Nov-2025,,21.30,11.5,454.2,,Arrival .RWS,20.0,120.0,10.4,7.2,5.9/1.3 ,42%,123.0
,,FAOP,11-Nov-2025,,21.00,,446.6,,Out to Sea ( RWS → KP  ),,,,,,,
,,EOSP,12-Nov-2025,,10.00,13.0,438.9,,Arrival .KP,26.3,124.0,9.5,7.7,6.3/1.4 ,46%,121.9
,,FAOP,13-Nov-2025,,8.00,,433.2,,Out to Sea (KP  → RWS ),,,,,,,
,,EOSP,13-Nov-2025,,20.30,12.5,425.3,,Arrival .RWS,21.0,125.0,10.0,7.9,6.4/1.5 ,42%,121.0
,,FAOP,14-Nov-2025,,19.30,,417.9,,Out to Sea ( RWS → KP  ),,,,,,,
,,EOSP,15-Nov-2025,,7.30,12.0,410.4,,Arrival .KP,26.8,116.0,9.7,7.5,6.2/1.3 ,46%,124.3
,,FAOP,16-Nov-2025,,13.30,,403.3,,Out to Sea (KP  → RWS ),,,,,,,
,,EOSP,17-Nov-2025,,1.30,12.0,396.2,,Arrival .RWS,22.2,121.0,10.1,7.1,5.8/1.3 ,42%,122.1
,,FAOP,18-Nov-2025,,16.30,,386.5,,Out to Sea ( RWS → KP  ),,,,,,,
,,EOSP,19-Nov-2025,,5.30,13.0,378.7,,Arrival .KP,27.3,122.0,9.4,7.8,6.3/1.5 ,46%,121.5
,,FAOP,20-Nov-2025,,3.30,,373.6,,Out to Sea (KP  → RWS ),,,,,,,
,,EOSP,20-Nov-2025,,16.00,12.5,366.2,,Arrival .RWS,23.0,124.0,9.9,7.4,6.1/1.3 ,42%,122.0
,,FAOP,21-Nov-2025,,14.00,,359.3,,Out to Sea ( RWS → KP  ),,,,,,,
,,EOSP,22-Nov-2025,,1.30,11.5,352.4,,Arrival .KP,25.7,111.0,9.7,6.9,5.7/1.2 ,47%,122.4
,,FAOP,22-Nov-2025,,21.30,,347.6,,Out to Sea (KP  → RWS ),,,,,,,
,,EOSP,23-Nov-2025,,10.00,12.5,340.1,,Arrival .RWS,21.5,127.0,10.2,7.5,6.1/1.4 ,42%,121.9
,,FAOP,24-Nov-2025,,22.00,,331.2,,Out to Sea ( RWS → KP  ),,,,,,,
,,EOSP,25-Nov-2025,,11.00,13.0,323.5,,Arrival .KP,28.4,120.0,9.2,7.7,6.2/1.5,47%,121.6
